recording_name,rat_name,date,channel_map,reference,used_in_chronic_npx_ms,n_probes_recorded,striatum-glm,D2 phototagging,cells_file,curated_cells_file,task,laser_power_mW,supercat,notes,probe serial number,ap.bin SHA1,sorted,perturbation,artifacts,representative behavior session,approximate duration (s)
A241_bank0_2020_01_13,A241,2019_01_13,bank0,,1,1,,,X:\RATTER\PhysData\NP_sorted\Adrian\A241\A241_bank0_2020_01_13\A241_bank0_2020_01_13_g0\A241_bank0_2020_01_13_g0_imec0\spikesort_2020_03_12_12_04_36_ks2jrc\A241_bank0_2020_01_13_g0_t0.imec0.ap_not_curated.Cells.mat,,idle,,,,18194823631,,1,,,,
A241_bank1_2020_01_13,A241,2019_01_13,bank1,,1,1,,,X:\RATTER\PhysData\NP_sorted\Adrian\A241\A241_bank1_2020_01_13\A241_bank1_2020_01_13_g0\A241_bank1_2020_01_13_g0_imec0\spikesort_2020_03_12_13_07_37_ks2jrc\A241_bank1_2020_01_13_g0_t0.imec0.ap_not_curated.Cells.mat,,idle,,,,18194823631,,1,,,,
A241_bank0_2020_01_17,A241,2019_01_17,bank0,,1,1,,,X:\RATTER\PhysData\NP_sorted\Adrian\A241\A241_bank0_2020_01_17\A241_bank0_2020_01_17_g0\spikesort_2020_03_12_12_58_51_ks2jrc\A241_bank0_2020_01_17_g0_t0.imec0.ap_not_curated.Cells.mat,,idle,,,,18194823631,,1,,,,
A241_bank1_2020_01_17,A241,2019_01_17,bank1,,1,1,,,X:\RATTER\PhysData\NP_sorted\Adrian\A241\A241_bank1_2020_01_17\A241_bank1_2020_01_17_g0\spikesort_2020_03_12_13_15_23_ks2jrc\A241_bank1_2020_01_17_g0_t0.imec0.ap_not_curated.Cells.mat,,idle,,,,18194823631,,1,,,,
A241_bank0_2020_01_29,A241,2019_01_29,bank0,,1,1,,,X:\RATTER\PhysData\NP_sorted\Adrian\A241\A241_bank0_2020_01_29\A241_bank0_2020_01_29_g0\A241_bank0_2020_01_29_g0_imec0\spikesort_2020_03_12_13_03_39_ks2jrc\A241_bank0_2020_01_29_g0_t0.imec0.ap_not_curated.Cells.mat,,idle,,,,18194823631,,1,,,,
A241_bank1_2020_01_29,A241,2019_01_29,bank1,,1,1,,,X:\RATTER\PhysData\NP_sorted\Adrian\A241\A241_bank1_2020_01_29\A241_bank1_2020_01_29_g0\A241_bank1_2020_01_29_g0_imec0\spikesort_2020_03_12_13_22_43_ks2jrc\A241_bank1_2020_01_29_g0_t0.imec0.ap_not_curated.Cells.mat,,idle,,,,18194823631,,1,,,,
K265_2019_05_27,K265,2019_05_27,,,,,0,,"""X:\RATTER\PhysData\NP_sorted\Adrian\K265\K265_2019_05_27\K265_2019-05-27_Cells.mat""",,PBups,,,removed from list because no histology,,,,,,,
A242_2019_05_30,A242,2019_05_30,bank0,0,1,1,1,,X:\RATTER\PhysData\NP_sorted\Adrian\A242\A242_2019_05_30\spikesort_2019_06_01_11_16_50_ks2jrc\2019-05-30_g0_t0.imec0.ap_res_uncurated.Cells.mat,X:\RATTER\PhysData\NP_sorted\Adrian\A242\A242_2019_05_30\spikesort_2019_06_01_11_16_50_ks2jrc\2019-05-30_g0_t0.imec0.ap_res.Cells.mat,PBups,,,,17131311621,77EDDCD7BF3CDE30F273D9E0549F0A617EA17597,1,,,1,
A242_2019_05_31,A242,2019_05_31,bank0,0,0,,,,,,PBups,,,"only 66% correct, <300 trials",17131311621,8832F0DDA8270D43EAA9A181DBC0CF36EDB52569,1,,,1,
A242_2019_06_03,A242,2019_06_03,bank0,0,0,,1,,,X:\RATTER\PhysData\NP_sorted\Adrian\A242\A242_2019_06_03\spikesort_2019_06_17_19_44_00_ks2jrc\A242_2019-06-03_Cells.mat,PBups,,,,17131311621,16D22F1D3559C3DDD5F1451DBE11EF57E602F19C,1,,,1,
A242_2019_06_04,A242,2019_06_04,bank1,0,1,1,,,X:\RATTER\PhysData\NP_sorted\Adrian\A242\A242_2019_06_04\2019-06-04_g0_imec0\spikesort_2020_03_12_12_48_59_ks2jrc\2019-06-04_g0_t0.imec0.ap_not_curated.Cells.mat,X:\RATTER\PhysData\NP_sorted\Adrian\A242\A242_2019_06_04\2019-06-04_g0_imec0\spikesort_2020_03_12_12_48_59_ks2jrc\2019-06-04_g0_t0.imec0.ap_res.Cells.mat,PBups,,,"low trials count, recording in bank 1",17131311621,F3D3B65C2555C7F0221B834ECC4E67124001CC05,0,,,,
A242_2019_06_05,A242,2019_06_05,bank0,1,1,1,,,X:\RATTER\PhysData\NP_sorted\Adrian\A242\A242_2019_06_05\2019-06-05_g0_imec0\spikesort_2020_03_06_13_21_12_ks2jrc\2019-06-05_g0_t0.imec0.ap_not_curated.Cells.mat,X:\RATTER\PhysData\NP_sorted\Adrian\A242\A242_2019_06_05\2019-06-05_g0_imec0\spikesort_2020_03_06_13_21_12_ks2jrc\2019-06-05_g0_t0.imec0.ap_res.Cells.mat,PBups,,,low trial count,17131311621,71219F236937478527077F25B32018E63C575A19,0,,,,
A242_2019_06_06,A242,2019_06_06,bank0,0,0,,1,,,X:\RATTER\PhysData\NP_sorted\Adrian\A242\A242_2019_06_06\spikesort_2019_08_27_19_33_01_ks2jrc\A242_2019-06-06_Cells.mat,PBups,,,,17131311621,5B38E6EEC616625ACA8942DBC5D4891ECC3AEEC2,1,,,1,
A242_2019_06_07,A242,2019_06_07,bank0,0,0,,1,,,X:\RATTER\PhysData\NP_sorted\Adrian\A242\A242_2019_06_07\A242_2019_06_07_g0_imec0\spikesort_2019_08_22_13_28_44_ks2jrc\A242_2019_06_07_g0_t0.imec0.ap_res.Cells.mat,PBups,,,,17131311621,79ECDF9D0A3D02202355B205B27F166388013F39,1,,,,
A242_2019_06_10,A242,2019_06_10,bank0,0,0,,1,,,X:\RATTER\PhysData\NP_sorted\Adrian\A242\A242_2019_06_10\spikesort_2019_08_21_22_45_54_ks2jrc\A242_2019-06-10_Cells.mat,PBups,,,,17131311621,51701719F74322E50500AF0EDDDD19F0942C46BC,1,,,1,
A242_2019_06_11,A242,2019_06_11,bank1,1,1,1,,,X:\RATTER\PhysData\NP_sorted\Adrian\A242\A242_2019_06_11\2019-06-11_g0_imec0\spikesort_2020_02_27_15_36_39_ks2jrc\2019-06-11_g0_t0.imec0.ap_not_curated.Cells.mat,X:\RATTER\PhysData\NP_sorted\Adrian\A242\A242_2019_06_11\2019-06-11_g0_imec0\spikesort_2020_02_27_15_36_39_ks2jrc\2019-06-11_g0_t0.imec0.ap_res.Cells.mat,PBups,,,,17131311621,EBE0F38155049D622C52B7E87C49C042806C78B8,1,,,,
A242_2019_06_12,A242,2019_06_12,bank0,1,1,1,1,,X:\RATTER\PhysData\NP_sorted\Adrian\A242\A242_2019_06_12\2019-06-12_g0_imec0\spikesort_2020_02_28_12_58_26_ks2jrc\2019-06-12_g0_t0.imec0.ap_not_curated.Cells.mat,X:\RATTER\PhysData\NP_sorted\Adrian\A242\A242_2019_06_12\2019-06-12_g0_imec0\spikesort_2020_02_28_12_58_26_ks2jrc\2019-06-12_g0_t0.imec0.ap_res.Cells.mat,PBups,,,,17131311621,924E74EBBE1E5B5FA0AE8A7B82306CB1E9E0C8DA,1,,,,
A242_2019_06_18,A242,2019_06_18,bank0,1,0,,,,,,PBups,,,,17131311621,23D5A927B9A43E92D7BE3A241EDD938B3314B878,1,,,,
A242_2019_06_19,A242,2019_06_19,bank0,1,0,,,,,,PBups,,,,17131311621,90933E16B943B1FEF8A89D001AC1F18E78E60BF4,1,,,,
A242_2019_06_20,A242,2019_06_20,bank0,1,0,,1,,X:\RATTER\PhysData\NP_sorted\Adrian\A242\A242_2019_06_20\2019-06-20_g0_imec0\spikesort_2020_03_04_11_46_35_ks2jrc\2019-06-20_g0_t0.imec0.ap_not_curated.Cells.mat,X:\RATTER\PhysData\NP_sorted\Adrian\A242\A242_2019_06_20\2019-06-20_g0_imec0\spikesort_2020_03_04_11_46_35_ks2jrc\2019-06-20_g0_t0.imec0.ap_res.Cells.mat,PBups,,,,17131311621,34DA02007A389FC00B3FA29B8FF6D3B5638AB321,1,,,,
A242_2019_06_21,A242,2019_06_21,bank0,1,0,,,,,,PBups,,,,17131311621,9F14B56A0F33D3737DD19BCCA1829CD9E797E9C6,1,,,,
A242_2019_06_26,A242,2019_06_26,bank0,1,0,,,,,,PBups,,,,17131311621,C66CD7DE397E1392EC2B30D9170C2FF7DF40310A,1,,,,
A242_2019_06_28,A242,2019_06_28,bank0,1,1,1,0,,X:\RATTER\PhysData\NP_sorted\Adrian\A242\A242_2019_06_28\2019_06_28_g0_imec0\spikesort_2020_02_24_13_13_53_ks2jrc\2019_06_28_g0_t0.imec0.ap_not_curated.Cells.mat,X:\RATTER\PhysData\NP_sorted\Adrian\A242\A242_2019_06_28\2019_06_28_g0_imec0\spikesort_2020_02_24_13_13_53_ks2jrc\2019_06_28_g0_t0.imec0.ap_res.Cells.mat,PBups,,,,17131311621,EC421D4AFEEF5C48DBE826241A6DA774A6AEC262,1,,,,
A230_bank0_2019_07_04,A230,2019_07_04,bank0,,0,,,,,,idle,,,only recorded for 3 min. dummy. not enough to include in fig 2.,"17131308411, 17131308571",,0,,,,
A230_bank0_2019_07_06,A230,2019_07_06,bank0,,1,2,,,X:\RATTER\PhysData\NP_sorted\Adrian\A230\A230_bank0_2019_07_06\2019-07-06_g0_imec1\spikesort_2020_03_12_16_54_50_ks2jrc\2019-07-06_g0_t0.imec1.ap_not_curated.Cells.mat,X:\RATTER\PhysData\NP_sorted\Adrian\A230\A230_bank0_2019_07_06\2019-07-06_g0_imec1\spikesort_2020_04_30_12_43_13_ks2jrc\2019-07-06_g0_t0.imec1.ap_res.Cells.mat,idle,,,very few cells. but only a five min session. looks like cell count really did increase over the first week or two.,"17131308411, 17131308571",,1,,,,
A230_2019_07_11a,A230,2019_07_11,bank0,,0,,,,,,PBups,,,"only a few dozen trials, restarted recording",17131308571,,0,,,,
A230_2019_07_11b,A230,2019_07_11,bank0,,0,,,,,,PBups,,,"260 trials, 65% correct",17131308571,,0,,,,
A230_bank0_2019_07_11b_17131308571_short,A230,2019_07_11,bank0,,1,2,,,X:\RATTER\PhysData\NP_sorted\Adrian\A230\A230_bank0_2019_07_11b_17131308571_short\spikesort_2020_03_12_17_50_58_ks2jrc\2019-07-11_2_g0_t0.exported.imec1.ap_not_curated.Cells.mat,,PBups,,,first ten minutes only,17131308571,,0,,,,
A230_2019_07_15,A230,2019_07_15,bank0,,0,,1,,X:\RATTER\PhysData\NP_sorted\Adrian\A230\A230_2019_07_15\2019-07-15_g0_imec0\spikesort_2019_07_19_00_46_14_ks2jrc\A230_2019-07-15_Cells.mat,,PBups,,,"400+ trials, 80% correct. this is really the only useable session with behavior.",17131308571,,1,,,1,
A230_bank0_2019_07_15_17131308571_short,A230,2019_07_15,bank0,,1,1,,,X:\RATTER\PhysData\NP_sorted\Adrian\A230\A230_bank0_2019_07_15_17131308571_short\spikesort_2020_03_12_17_05_14_ks2jrc\2019-07-15_g0_t0.exported.imec0.ap_not_curated.Cells.mat,,PBups,,,first ten minutes only,17131308571,,1,,,1,
A241_bank0_2019_09_11_18194823302,A241,2019_09_11,bank0,,,,,,,,anaesthetized,,,day of surgery,18194823302,,1,,,,446
A241_bank1_2019_09_11_18194823302,A241,2019_09_11,bank1,,,,,,,,anaesthetized,,,day of surgery,18194823302,,1,,,,707
A241_bank0_2019_09_11_18194823631,A241,2019_09_11,bank0,,,,,,,,anaesthetized,,,day of surgery,18194823631,,1,,,,421
A241_bank0_2019_09_11_18194823631,A241,2019_09_11,bank1,,,,,,,,anaesthetized,,,day of surgery,18194823631,,1,,,,568
A243_bank0_2019_09_13_18194823211,A243,2019_09_13,bank0,,0,,,,,,idle,,,day of implant,18194823211,,1,,,,
A243_bank0_2019_09_13_18194824132,A243,2019_09_13,bank0,,1,1,,,X:\RATTER\PhysData\NP_sorted\Adrian\A243\A243_bank0_2019_09_13_18194824132\2019-09-13_g0\spikesort_2020_01_31_15_13_21_ks2jrc\2019-09-13_g0_t0.imec0.ap_not_curated.Cells.mat,X:\RATTER\PhysData\NP_sorted\Adrian\A243\A243_bank0_2019_09_13_18194824132\2019-09-13_g0\spikesort_2020_01_31_15_13_21_ks2jrc\2019-09-13_g0_t0.imec0.ap_res.Cells.mat,idle,,,day of implant,18194824132,,1,,,,
A243_bank1_2019_09_13_18194823211,A243,2019_09_13,bank1,,0,,,,,,idle,,,day of implant,18194823211,,1,,,,
A243_bank1_2019_09_13_18194824132,A243,2019_09_13,bank1,,1,1,,,X:\RATTER\PhysData\NP_sorted\Adrian\A243\A243_bank1_2019_09_13_18194824132\2019-09-13_g0\spikesort_2020_02_03_14_08_49_ks2jrc\2019-09-13_g0_t0.imec0.ap_not_curated.Cells.mat,X:\RATTER\PhysData\NP_sorted\Adrian\A243\A243_bank1_2019_09_13_18194824132\2019-09-13_g0\spikesort_2020_02_03_14_08_49_ks2jrc\2019-09-13_g0_t0.imec0.ap_res.Cells.mat,idle,,,day of implant,18194824132,,1,,,,
A243_bank2_2019_09_13_18194823211,A243,2019_09_13,bank2,,0,,,,,,idle,,,day of implant,18194823211,,1,,,,
A243_bank2_2019_09_13_18194824132,A243,2019_09_13,bank2,,0,,,,,,idle,,,day of implant,18194824132,,1,,,,
A241_bank0_2019_09_14,A241,2019_09_14,bank0,,1,1,,,X:\RATTER\PhysData\NP_sorted\Adrian\A241\A241_bank0_2019_09_14\A241_2019-09-14_g0_imec0\spikesort_2019_10_11_11_12_25_ks2jrc\A241_2019-09-14_g0_t0.imec0.ap_res.Cells.mat,X:\RATTER\PhysData\NP_sorted\Adrian\A241\A241_bank0_2019_09_14\A241_2019-09-14_g0_imec0\spikesort_2019_10_11_11_12_25_ks2jrc\A241_2019-09-14_g0_t0.imec0.ap_res_curated.Cells.mat,idle,,,,18194823302,,1,,,,
A241_bank1_2019_09_14,A241,2019_09_14,bank1,,1,1,,,X:\RATTER\PhysData\NP_sorted\Adrian\A241\A241_bank1_2019_09_14\A241_2019-09-14_g0_imec0\spikesort_2019_10_11_11_32_25_ks2jrc\A241_2019-09-14_g0_t0.imec0.ap_res.Cells.mat,X:\RATTER\PhysData\NP_sorted\Adrian\A241\A241_bank1_2019_09_14\A241_2019-09-14_g0_imec0\spikesort_2019_10_11_11_32_25_ks2jrc\A241_2019-09-14_g0_t0.imec0.ap_res_curated.Cells.mat,idle,,,,18194823302,,1,,,,
A241_bank2_2019_09_14,A241,2019_09_14,bank2,,0,,,,X:\RATTER\PhysData\NP_sorted\Adrian\A241\A241_bank2_2019_09_14\A241_2019-09-14_g0_imec0\spikesort_2019_10_11_11_22_50_ks2jrc\A241_2019-09-14_g0_t0.imec0.ap_res.Cells.mat,,idle,,,,18194823302,,1,,,,
A243_bank2_2019_09_16_18194823211,A243,2019_09_16,bank2,,0,,,,,,idle,,,day of implant,18194823211,,1,,,,
"A243_banks0,1checkerboard_2019_09_16_18194823211",A243,2019_09_16,"banks0,1checkerboard",,,,,,,,idle,,,day of implant,18194823211,,1,,,,
A243_bank0_2019_09_16_18194823211,A243,2019_09_16  ,bank0,,0,,,,,,idle,,,,18194823211,,1,,,,
A243_bank0_2019_09_16_18194824132,A243,2019_09_16  ,bank0,,1,1,,,X:\RATTER\PhysData\NP_sorted\Adrian\A243\A243_bank0_2019_09_16_18194824132\2019-09-16_g0_imec0\spikesort_2019_09_23_11_13_06_ks2jrc\2019-09-16_g0_t0.imec0.ap_res.Cells.mat,X:\RATTER\PhysData\NP_sorted\Adrian\A243\A243_bank0_2019_09_16_18194824132\2019-09-16_g0_imec0\spikesort_2019_09_23_11_13_06_ks2jrc\2019-09-16_g0_t0.imec0.ap_res_curated.Cells.mat,idle,,,,18194824132,,1,,,,
A243_bank1_2019_09_16_18194823211,A243,2019_09_16  ,bank1,,0,,,,,,idle,,,,18194823211,,1,,,,
A243_bank1_2019_09_16_18194824132,A243,2019_09_16  ,bank1,,1,1,,,X:\RATTER\PhysData\NP_sorted\Adrian\A243\A243_bank1_2019_09_16_18194824132\2019-09-16_g0_imec0\spikesort_2019_09_20_16_13_21_ks2jrc\2019-09-16_g0_t0.imec0.ap_res.Cells.mat,X:\RATTER\PhysData\NP_sorted\Adrian\A243\A243_bank1_2019_09_16_18194824132\2019-09-16_g0_imec0\spikesort_2019_09_20_16_13_21_ks2jrc\2019-09-16_g0_t0.imec0.ap_res_curated.Cells.mat,idle,,,,18194824132,,1,,,,
A241_bank0_2019_09_17,A241,2019_09_17,bank0,,1,1,,,X:\RATTER\PhysData\NP_sorted\Adrian\A241\A241_bank0_2019_09_17\2019-09-17_g0_imec0\spikesort_2019_10_14_15_51_49_ks2jrc\2019-09-17_g0_t0.imec0.ap_res.Cells.mat,X:\RATTER\PhysData\NP_sorted\Adrian\A241\A241_bank0_2019_09_17\2019-09-17_g0_imec0\spikesort_2019_10_14_15_51_49_ks2jrc\2019-09-17_g0_t0.imec0.ap_res_curated.Cells.mat,idle,,,,18194823631,,1,,,,
A241_bank1_2019_09_17,A241,2019_09_17,bank1,,1,1,,,X:\RATTER\PhysData\NP_sorted\Adrian\A241\A241_bank1_2019_09_17\2019-09-17_g0_imec0\spikesort_2019_10_14_15_58_00_ks2jrc\2019-09-17_g0_t0.imec0.ap_res.Cells.mat,X:\RATTER\PhysData\NP_sorted\Adrian\A241\A241_bank1_2019_09_17\2019-09-17_g0_imec0\spikesort_2019_10_14_15_58_00_ks2jrc\2019-09-17_g0_t0.imec0.ap_res_curated.Cells.mat,idle,,,,18194823631,,1,,,,
A241_bank0_2019_09_18,A241,2019_09_18,bank0,,,,,,,,idle,,,,18194823631,,1,,,,705
A241_bank1_2019_09_18,A241,2019_09_18,bank1,,,,,,,,idle,,,,18194823631,,1,,,,757
A243_2019_09_18,A243,2019_09_18,custom checkerboard,,,,,,,,PBups,,,only 63% correct. still adapting to tether.,18194824132,,1,,,,
A241_bank0_2019_09_23,A241,2019_09_23,bank0,,1,1,,,X:\RATTER\PhysData\NP_sorted\Adrian\A241\A241_bank0_2019_09_23\2019-09-23_g0_imec0\spikesort_2019_10_17_16_15_57_ks2jrc\2019-09-23_g0_t0.imec0.ap_res.Cells.mat,X:\RATTER\PhysData\NP_sorted\Adrian\A241\A241_bank0_2019_09_23\2019-09-23_g0_imec0\spikesort_2019_10_17_16_15_57_ks2jrc\2019-09-23_g0_t0.imec0.ap_res_curated.Cells.mat,idle,,,,18194823302,,1,,,,
A241_bank1_2019_09_23,A241,2019_09_23,bank1,,1,1,,,X:\RATTER\PhysData\NP_sorted\Adrian\A241\A241_bank1_2019_09_23\2019-09-23_g0_imec0\spikesort_2019_10_17_16_24_35_ks2jrc\2019-09-23_g0_t0.imec0.ap_res.Cells.mat,X:\RATTER\PhysData\NP_sorted\Adrian\A241\A241_bank1_2019_09_23\2019-09-23_g0_imec0\spikesort_2019_10_17_16_24_35_ks2jrc\2019-09-23_g0_t0.imec0.ap_res_curated.Cells.mat,idle,,,,18194823302,,1,,,,
A241_bank2_2019_09_23,A241,2019_09_23,bank2,,0,,,,X:\RATTER\PhysData\NP_sorted\Adrian\A241\A241_bank2_2019_09_23\2019-09-23_g0_imec0\spikesort_2020_01_06_14_14_38_ks2jrc\2019-09-23_g0_t0.imec0.ap_res.Cells.mat,,idle,,,,18194823302,,1,,,,
"A241_banks0,1checkerboard_2019_09_23",A241,2019_09_23,"banks0,1checkerboard",,0,,,,,,idle,,,,18194823302,,1,,,,
A241_bank0_2019_09_24,A241,2019_09_24,bank0,,,,,,,,idle,,,,18194823631,,1,,,,852
A241_bank1_2019_09_24,A241,2019_09_24,bank1,,,,,,,,idle,,,,18194823631,,1,,,,2480
A241_bank2_2019_09_24,A241,2019_09_24,bank2,,,,,,,,idle,,,,18194823631,,1,,,,532
A241_2019_09_25,A241,2019_09_25,"banks0,1checkerboard",,,,,,,,PBups,,,,18194823631,,1,,,,
A241_2019_09_26,A241,2019_09_26,"banks0,1checkerboard",,,,1,,X:\RATTER\PhysData\NP_sorted\Adrian\A241\A241_2019_09_26\2019-09-26_g0\2019-09-26_g0_imec0\spikesort_2019_12_07_21_38_22_ks2jrc\2019-09-26_g0_t0.imec0.ap_res.Cells.mat,,PBups,,,"very few cells, esp. deep. 222 trials, 78% correct. verity resorted by accident so there is a second later sorting from 2020.",18194823302,,1,,,1,
A243_2019_09_26a,A243,2019_09_26  ,"banks0,1checkerboard",,,,,,,,PBups,,,crash in middle of session. this recording has fewer trials and worse behavior.,18194824132,,1,,,,
A243_2019_09_26b,A243,2019_09_26  ,"banks0,1checkerboard",,,,1,,,X:\RATTER\PhysData\NP_sorted\Adrian\A243\A243_2019_09_26b\A243_2019_09_26_g1_imec0\spikesort_2019_10_03_12_06_21_ks2jrc\A243_2019_09_26_g1_t0.imec0.ap_res.Cells.mat,PBups,,,"crash in middle of session. this recording has more trials and better behavior. 700+ trials, 75% correct.",18194824132,,1,,,,
A243_bank0_2019_09_26,A243,2019_09_26  ,bank0,,1,1,,,X:\RATTER\PhysData\NP_sorted\Adrian\A243\A243_bank0_2019_09_26\2019-09-26_g0_imec0\spikesort_2019_11_01_14_15_47_ks2jrc\2019-09-26_g0_t0.imec0.ap_res.Cells.mat,X:\RATTER\PhysData\NP_sorted\Adrian\A243\A243_bank0_2019_09_26\2019-09-26_g0_imec0\spikesort_2019_11_01_14_15_47_ks2jrc\2019-09-26_g0_t0.imec0.ap_res_curated.Cells.mat,idle,,,lots of cells,18194824132,,1,,,,
A243_bank1_2019_09_26,A243,2019_09_26  ,bank1,,1,1,,,X:\RATTER\PhysData\NP_sorted\Adrian\A243\A243_bank1_2019_09_26\2019-09-26_g0_imec0\spikesort_2019_11_01_14_23_31_ks2jrc\2019-09-26_g0_t0.imec0.ap_res.Cells.mat,X:\RATTER\PhysData\NP_sorted\Adrian\A243\A243_bank1_2019_09_26\2019-09-26_g0_imec0\spikesort_2019_11_01_14_23_31_ks2jrc\2019-09-26_g0_t0.imec0.ap_res_curated.Cells.mat,idle,,,lots of cells,18194824132,,1,,,,
A243_bank2_2019_09_26,A243,2019_09_26  ,bank2,,0,,,,,,idle,,,lots of cells,18194824132,,1,,,,
A241_bank0_2019_09_27,A241,2019_09_27,bank0,,,,,,,,idle,,,,18194823302,,1,,,,1617
A241_bank2_2019_09_27,A241,2019_09_27,bank2,,,,,,,,idle,,,,18194823302,,1,,,,522
"A241_banks0,1checkerboard_2019_09_27",A241,2019_09_27,"banks0,1checkerboard",,,,,,,,idle,,,,18194823302,,1,,,,858
A243_bank0_2019_09_27,A243,2019_09_27  ,bank0,,1,1,,,X:\RATTER\PhysData\NP_sorted\Adrian\A243\A243_bank0_2019_09_27\2019-09-27_g0\2019-09-27_g0_imec0\spikesort_2019_11_01_17_05_36_ks2jrc\2019-09-27_g0_t0.imec0.ap_res.Cells.mat,X:\RATTER\PhysData\NP_sorted\Adrian\A243\A243_bank0_2019_09_27\2019-09-27_g0\2019-09-27_g0_imec0\spikesort_2019_11_01_17_05_36_ks2jrc\2019-09-27_g0_t0.imec0.ap_res_curated.Cells.mat,idle,,,"didn't even bother acquiring (durijg behavior). huge signals relative to ground were swamping the ADC. there's gotta be a bad animal ground. worth anaesthesia for testing. i attached new solder (and heat) to the ground cannula, and new silver wire between implants and ground cannula. i may have burnt too much brain. let's see how he does.",18194824132,,1,,,,
A241_bank0_2019_09_30,A241,2019_09_30,bank0,,1,1,,,X:\RATTER\PhysData\NP_sorted\Adrian\A241\A241_bank0_2019_09_30\2019-09-30_g0_imec0\spikesort_2019_10_14_16_28_05_ks2jrc\2019-09-30_g0_t0.imec0.ap_res.Cells.mat,X:\RATTER\PhysData\NP_sorted\Adrian\A241\A241_bank0_2019_09_30\2019-09-30_g0_imec0\spikesort_2019_10_14_16_28_05_ks2jrc\2019-09-30_g0_t0.imec0.ap_res_curated.Cells.mat,idle,,,reasonably good number of cells. super low noise. but no trials :( also i didn't start recording until a few violation trials in so things may crash. but no trials anyway so it doesn't matter. maybe not surprising since first day back since break due to lab cleanup). absolutely nothing until channel 110 on bank 0. bank 1 has most of the cells now. bank 0 has basically nothing. and the most superficial cells are all gone. i think the best arrangement going forward is lowest electrode being 110 bank 0 checkerboard.,18194823631,,1,,,,
A241_bank1_2019_09_30,A241,2019_09_30,bank1,,1,1,,,X:\RATTER\PhysData\NP_sorted\Adrian\A241\A241_bank1_2019_09_30\2019-09-30_g0_imec0\spikesort_2019_10_14_16_48_42_ks2jrc\2019-09-30_g0_t0.imec0.ap_res.Cells.mat,X:\RATTER\PhysData\NP_sorted\Adrian\A241\A241_bank1_2019_09_30\2019-09-30_g0_imec0\spikesort_2019_10_14_16_48_42_ks2jrc\2019-09-30_g0_t0.imec0.ap_res_curated.Cells.mat,idle,,,reasonably good number of cells. super low noise. but no trials :( also i didn't start recording until a few violation trials in so things may crash. but no trials anyway so it doesn't matter. maybe not surprising since first day back since break due to lab cleanup). absolutely nothing until channel 110 on bank 0. bank 1 has most of the cells now. bank 0 has basically nothing. and the most superficial cells are all gone. i think the best arrangement going forward is lowest electrode being 110 bank 0 checkerboard.,18194823631,,1,,,,
A241_bank2_2019_09_30,A241,2019_09_30,bank2,,0,,,,X:\RATTER\PhysData\NP_sorted\Adrian\A241\A241_bank2_2019_09_30\2019-09-30_g0\2019-09-30_g0_imec0\spikesort_2020_01_10_11_26_36_ks2jrc\2019-09-30_g0_t0.imec0.ap_res.Cells.mat,,idle,,,reasonably good number of cells. super low noise. but no trials :( also i didn't start recording until a few violation trials in so things may crash. but no trials anyway so it doesn't matter. maybe not surprising since first day back since break due to lab cleanup). absolutely nothing until channel 110 on bank 0. bank 1 has most of the cells now. bank 0 has basically nothing. and the most superficial cells are all gone. i think the best arrangement going forward is lowest electrode being 110 bank 0 checkerboard.,18194823631,,1,,,,
"A241_banks0,1checkerboard_2019_09_30",A241,2019_09_30,"banks0,1checkerboard",,0,,,,,,idle,,,reasonably good number of cells. super low noise. but no trials :( also i didn't start recording until a few violation trials in so things may crash. but no trials anyway so it doesn't matter. maybe not surprising since first day back since break due to lab cleanup). absolutely nothing until channel 110 on bank 0. bank 1 has most of the cells now. bank 0 has basically nothing. and the most superficial cells are all gone. i think the best arrangement going forward is lowest electrode being 110 bank 0 checkerboard.,18194823631,,1,,,,
X046_2019_09_30,X046,2019_09_30,,,,1,1,,X:\RATTER\PhysData\NP_sorted\Adrian\X046\X046_2019_09_30\2019-09-30_g0_imec0\spikesort_2019_10_03_11_04_02_ks2jrc\X046_2019-09-30_Cells.mat,,PBups,,,"these are the three best X046 sessions, but there are a few others sorted.",,,,,,,
X046_2019_09_23,X046,2019_09_23,,,,1,1,,"""X:\RATTER\PhysData\NP_sorted\Adrian\X046\X046_2019_09_23\X046_2019-09-23_g0_t0.imec0.ap_res.Cells.mat""",,PBups,,,"these are the three best X046 sessions, but there are a few others sorted.",,,,,,,
X046_2019_10_03,X046,2019_10_03,,,,1,1,,"""X:\RATTER\PhysData\NP_sorted\Adrian\X046\X046_2019_10_03\X046_2019-10-03_g0_t0.imec0.ap_res.Cells.mat""",,PBups,,,"these are the three best X046 sessions, but there are a few others sorted.",,,,,,,
X087_2021_07_30,X087,2021_07_30,checkerboard,,,1,0,,"""X:\RATTER\PhysData\NP_sorted\Adrian\X087\X087_2021_07_30\X087_2021_07_30_g0_t0.imec0.ap_res.Cells.mat""",,,,,only good (>70% correct) session from this rat. lightsheet histology avail. Removed from list 5/2022 because stim durs have idiosyncratically large range (not 0.2-1).,,,,,,,
A243_2019_10_01,A243,2019_10_01,bank1,,,,1,,"""X:\RATTER\PhysData\NP_sorted\Adrian\A243\A243_2019_10_01\2019-10-01_g0_imec0\spikesort_2019_10_09_13_11_47_ks2jrc\2019-10-01_g0_t0.imec0.ap_res.Cells.mat""",,PBups,,,much better noise. still reduced the gain by half from the normal amount (250/125) but no saturation. this was probabl due to connecting rig to ground. but actually i think even better is just connecting floor grate to the rig. doing this for the ten min recordings was beautiful. bank 2 very quiet except for maybe th efirst ten chans.,18194824132,,1,,,,
A243_bank0_2019_10_01,A243,2019_10_01,bank0,,1,1,,,X:\RATTER\PhysData\NP_sorted\Adrian\A243\A243_bank0_2019_10_01\2019-10-01_g0_imec0\spikesort_2019_12_09_22_47_57_ks2jrc\2019-10-01_g0_t0.imec0.ap_res.Cells.mat,X:\RATTER\PhysData\NP_sorted\Adrian\A243\A243_bank0_2019_10_01\2019-10-01_g0_imec0\spikesort_2019_12_09_22_47_57_ks2jrc\2019-10-01_g0_t0.imec0.ap_res_curated.Cells.mat,idle,,,much better noise. still reduced the gain by half from the normal amount (250/125) but no saturation. this was probabl due to connecting rig to ground. but actually i think even better is just connecting floor grate to the rig. doing this for the ten min recordings was beautiful. bank 2 very quiet except for maybe th efirst ten chans.,18194824132,,1,,,,
A243_bank1_2019_10_01,A243,2019_10_01,bank1,,1,1,,,X:\RATTER\PhysData\NP_sorted\Adrian\A243\A243_bank1_2019_10_01\2019-10-01_g0_imec0\spikesort_2019_12_19_14_20_21_ks2jrc\2019-10-01_g0_t0.imec0.ap_res.Cells.mat,X:\RATTER\PhysData\NP_sorted\Adrian\A243\A243_bank1_2019_10_01\2019-10-01_g0_imec0\spikesort_2019_12_19_14_20_21_ks2jrc\2019-10-01_g0_t0.imec0.ap_res_curated.Cells.mat,idle,,,much better noise. still reduced the gain by half from the normal amount (250/125) but no saturation. this was probabl due to connecting rig to ground. but actually i think even better is just connecting floor grate to the rig. doing this for the ten min recordings was beautiful. bank 2 very quiet except for maybe th efirst ten chans.,18194824132,,1,,,,
A243_bank2_2019_10_01,A243,2019_10_01,bank2,,0,,,,,,idle,,,much better noise. still reduced the gain by half from the normal amount (250/125) but no saturation. this was probabl due to connecting rig to ground. but actually i think even better is just connecting floor grate to the rig. doing this for the ten min recordings was beautiful. bank 2 very quiet except for maybe th efirst ten chans.,18194824132,,1,,,,
"A243_banks0,1checkerboard_2019_10_01",A243,2019_10_01,"banks0,1checkerboard",,,,,,,,idle,,,much better noise. still reduced the gain by half from the normal amount (250/125) but no saturation. this was probabl due to connecting rig to ground. but actually i think even better is just connecting floor grate to the rig. doing this for the ten min recordings was beautiful. bank 2 very quiet except for maybe th efirst ten chans.,18194824132,,1,,,,
A243_2019_10_02,A243,2019_10_02,bank0,,,,1,,"""X:\RATTER\PhysData\NP_sorted\Adrian\A243\A243_2019_10_02\2019-10-02_g0\2019-10-02_g0_imec0\spikesort_2019_12_05_14_25_56_ks2jrc\2019-10-02_g0_t0.imec0.ap_res.Cells.mat""",,PBups,,,still so many cells and now somehow low noise! high trial count. but only 70% correct.,18194824132,,1,,,,
A241_2019_10_09_01,A241,2019_10_09,checkerboard of some kind,,,,1,,X:\RATTER\PhysData\NP_sorted\Adrian\A241\A241_2019_10_09\2019-10-09_g0\2019-10-09_g0_imec1\spikesort_2019_12_02_11_58_08_ks2jrc\2019-10-09_g0_t0.imec1.ap_res.Cells.mat,,PBups,,,325 trials (85% correct),18194823631,,1,,,1,
A241_2019_10_09_02,A241,2019_10_09,checkerboard of some kind,,,,1,,"""X:\RATTER\PhysData\NP_sorted\Adrian\A241\A241_2019_10_09\2019-10-09_g0\2019-10-09_g0_imec0\spikesort_2019_11_27_16_52_05_ks2jrc\2019-10-09_g0_t0.imec0.ap_res.Cells.mat""",,PBups,,,325 trials (85% correct),18194823302,,1,,,1,
A243_2019_10_09,A243,2019_10_09,bank1,,,,1,,"""X:\RATTER\PhysData\NP_sorted\Adrian\A243\A243_2019_10_09\2019-10-09_g0_imec0\spikesort_2019_12_03_15_36_29_ks2jrc\2019-10-09_g0_t0.imec0.ap_res.Cells.mat""",,PBups,,,his behavior seems to be getting slightly better (72-75%),18194824132,,1,,,,
A243_bank0_2019_10_09,A243,2019_10_09,bank0,,1,1,,,X:\RATTER\PhysData\NP_sorted\Adrian\A243\A243_bank0_2019_10_09\2019-10-09_g0_imec0\spikesort_2019_11_25_15_40_11_ks2jrc\2019-10-09_g0_t0.imec0.ap_res.Cells.mat,X:\RATTER\PhysData\NP_sorted\Adrian\A243\A243_bank0_2019_10_09\2019-10-09_g0_imec0\spikesort_2019_11_25_15_40_11_ks2jrc\2019-10-09_g0_t0.imec0.ap_res_curated.Cells.mat,idle,,,,18194824132,,1,,,,
A243_bank2_2019_10_09,A243,2019_10_09,bank2,,0,,,,,,idle,,,BANK 2 FOR A243 IS BARELY IN THE BRAIN. NOT REALLY WORTH ANALYZING.,18194824132,,1,,,,
A241_bank0_2019_10_10,A241,2019_10_10,bank0,,,,,,,,idle,,,,"18194823631, 18194823302",,1,,,,628
A241_bank1_2019_10_10,A241,2019_10_10,bank1,,,,,,,,idle,,,,"18194823631, 18194823302",,1,,,,697
A241_bank2_2019_10_10,A241,2019_10_10,bank2,,,,,,,,idle,,,,"18194823631, 18194823302",,1,,,,1079
A241_2019_10_10,A241,2019_10_10,checkerboard of some kind,,,,,,,,PBups,,,low trial count (200 trials with 0.4 violation rate),"18194823631, 18194823302",,1,,,,13739
A243_2019_10_08,A243,2019_10_08,"banks0,1checkerboard",0,,,1,,"""X:\RATTER\PhysData\NP_sorted\Adrian\A243\A243_2019_10_08\2019-10-08_g0\2019-10-08_g0_imec0\spikesort_2020_02_12_15_20_28_ks2jrc\2019-10-08_g0_t0.imec0.ap_res.Cells.mat""",,PBups,,,"hig trial count, only 70% correct.",18194824132,,1,,,,
A243_2019_10_10,A243,2019_10_10,bank0,,,,1,,X:\RATTER\PhysData\NP_sorted\Adrian\A243\A243_2019_10_10\2019-10-10_g0\2019-10-10_g0_imec0\spikesort_2019_11_22_15_39_25_ks2jrc\2019-10-10_g0_t0.imec0.ap_res.Cells.mat,,PBups,,,both 1304 and 1615 headstages tested and passed with HST dongle. great behavior and trial count! tons of cells.,18194824132,,1,,,1,
A243_2019_10_11,A243,2019_10_10,"banks0,1checkerboard",,,,,,,,PBups,,,"high ttrial count, only 69% correct.",18194824132,,1,,,,
A241_bank2_2019_10_28,A241,2019_10_28,bank2,,,,,,,,idle,,,,18194823302,,1,,,,811
A243_bank0_2019_10_28,A243,2019_10_28,bank0,,0,,,,,,anaesthetized,,,,18194824132,,1,,,,
A243_bank1_2019_10_28,A243,2019_10_28,bank1,,0,,,,,,anaesthetized,,,,18194824132,,1,,,,
A243_bank2_2019_10_28,A243,2019_10_28,bank2,,,,,,,,anaesthetized,,,,18194824132,,1,,,,
A241_bank0_2019_10_29,A241,2019_10_29,bank0,,,,,,,,idle,,,,"18194823631, 18194823302",,1,,,,557
A241_bank1_2019_10_29,A241,2019_10_29,bank1,,,,,,,,idle,,,,"18194823631, 18194823302",,1,,,,812
A241_bank2_2019_10_29,A241,2019_10_29,bank2,,,,,,,,idle,,,,"18194823631, 18194823302",,1,,,,660
A243_2019_10_29,A243,2019_10_29,checkerboard spanning all banks,,,,1,,X:\RATTER\PhysData\NP_sorted\Adrian\A243\A243_2019_10_29\2019-10-29_g0\2019-10-29_g0_imec0\spikesort_2019_12_16_15_14_18_ks2jrc\2019-10-29_g0_t0.imec0.ap_res.Cells.mat,,PBups,,,"950 trials, 72% correct.",18194824132,,1,,,1,
A243_2019_11_01,A243,2019_11_01,checkerboard spanning all banks,,,,1,,X:\RATTER\PhysData\NP_sorted\Adrian\A243\A243_2019_11_01\2019-11-01_g0\2019-11-01_g0_imec0\spikesort_2019_12_12_13_25_21_ks2jrc\2019-11-01_g0_t0.imec0.ap_res.Cells.mat,,PBups,,,"1034, 78% correct but only channels 1-192 saved. last recording before probe broke with error 8 on 11/4/2019",18194824132,,1,,,1,
A241_bank0_2019_11_12,A241,2019_11_12,bank0,,,,,,,,idle,,,,"18194823631, 18194823302",,1,,,,652
A241_bank1_2019_11_12,A241,2019_11_12,bank1,,,,,,,,idle,,,,"18194823631, 18194823302",,1,,,,753
A241_bank2_2019_11_12,A241,2019_11_12,bank2,,,,,,,,idle,,,,"18194823631, 18194823302",,1,,,,1041
A241_2019_11_13,A241,2019_11_13,checkerboard of some kind,,,,,,,,PBups,,,"breathing noise still there, lowered gain to lowest and that removed the weird cutting out on 23302. but then that probe just broke and went crazy half way through the session anyway. like 50 trials again.","18194823631, 18194823302",,1,,,,
A241_2019_11_20,A241,2019_11_20,checkerboard 15,,,,,,,,PBups,,,low trial count,18194823631,,1,,,,9345
A241_2019_11_21,A241,2019_11_21,checkerboard 15,,,,,,,,PBups,,,low trial count,18194823631,8E32540AAFC695C2860D4B38B6B725FF335CC4BF,1,,,,8404
A241_2019_11_22,A241,2019_11_22,checkerboard 17,,,,,,,,PBups,,,low trial count,18194823631,,1,,,,12194
A241_bank0_2019_12_02,A241,2019_12_02,bank0,,,,,,,,idle,,,,18194823631,,1,,,,1262
A241_bank1_2019_12_02,A241,2019_12_02,bank1,,,,,,,,idle,,,,18194823631,,1,,,,595
A241_2019_12_09,A241,2019_12_09,checkerboard 17,,,,,,,,PBups,,,,18194823631,0B5FB64FB58EBEE7CB2FDAF0772C69C5B7C59825,1,,,,22689
A241_2019_12_11,A241,2019_12_11,checkerboard 17,,,,1,,,X:\RATTER\PhysData\NP_sorted\Adrian\A241\A241_2019_12_11\A241_2019_12_11_g0\spikesort_2020_04_15_01_08_11_ks2jrc\A241_2019_12_11_g0_t0.imec0.ap_res.Cells.mat,PBups,,,"80% correct, 500 trials",18194823631,ADDDF307C94DAD0929AD85FCCF37BB632FE8BF2C,1,,,,19826
A241_bank0_2020_01_07,A241,2020_01_07,bank0,,,,,,,,idle,,,,18194823631,,1,,,,1757
A241_bank1_2020_01_07,A241,2020_01_07,bank1,,,,,,,,idle,,,,18194823631,,1,,,,604
A241_2020_01_08,A241,2020_01_08,checkerboard 15,,,,,,,,PBups,,,low trial count,18194823631,4750C136AA27FED598AC64C15DDD2349320C44E4,1,,,,13852
A241_2020_01_14,A241,2020_01_14,checkerboard 17,,,,1,,X:\RATTER\PhysData\NP_sorted\Adrian\A241\A241_2020_01_14\A241_2020_01_14_g0\spikesort_2020_02_18_17_48_08_ks2jrc\A241_2020_01_14_g0_t0.imec0.ap_res.Cells.mat,,PBups,,,almost 600 trials and 76% correct and lots of cells. best session yet. drifty session with a very dense part that was not well sorted. checkerboard didn't help.,18194823631,,1,,,1,
A241_2020_01_22,A241,2020_01_22,checkerboard 15,,,,1,,X:\RATTER\PhysData\NP_sorted\Adrian\A241\A241_2020_01_22\A241_2020_01_22_g0\spikesort_2020_02_19_21_36_57_ks2jrc\A241_2020_01_22_g0_t0.imec0.ap_res.Cells.mat,,PBups,,,"350 trials, good performance",18194823631,,1,,,1,
A241_2020_01_23,A241,2020_01_23,"banks0,1checkerboard",,,,1,,X:\RATTER\PhysData\NP_sorted\Adrian\A241\A241_2020_01_23\A241_2020_01_23_g0\spikesort_2020_02_20_16_44_50_ks2jrc\A241_2020_01_23_g0_t0.imec0.ap_res.Cells.mat,,PBups,,,"around 200 trials, 79% correct.",18194823631,,1,,,1,
A249_bank0_2020_02_04,A249,2020_02_04,bank0,0,1,1,,,X:\RATTER\PhysData\NP_sorted\Adrian\A249\A249_bank0_2020_02_04\A249_bank0_2020_02_04_g0\spikesort_2020_03_13_20_14_18_ks2jrc\A249_bank0_2020_02_04_g0_t0.imec0.ap_not_curated.Cells.mat,,idle,,,day of surgery (reimplantation after explantation of failed probe),18194819132,,,,,,
A249_bank1_2020_02_04,A249,2020_02_04,bank1,0,,,,,,,idle,,,day of surgery (reimplantation after explantation of failed probe),18194819132,,,,,,
A249_banks01checkerboard_2020_02_04,A249,2020_02_04,"banks0,1checkerboard",0,,,,,,,idle,,,day of surgery (reimplantation after explantation of failed probe),18194819132,,,,,,
A249_bank0_2020_02_05_phototag_test_1mW,A249,2020_02_05,bank0,0,,,,,,,idle,,,,18194819132,,,,,,
A249_bank0_2020_02_05_phototag_test_20mW,A249,2020_02_05,bank0,0,,,,,,,idle,,,,18194819132,,,,,,
A249_bank0_2020_02_05_phototag_test_7mW,A249,2020_02_05,bank0,0,,,,,,,idle,,,,18194819132,,,,,,
A249_bank0_2020_02_05_phototag_test_7mW_1msramp,A249,2020_02_05,bank0,0,,,,,,,idle,,,,18194819132,,,,,,
A249_bank0_2020_02_05_phototag_test_7mW_2msramp,A249,2020_02_05,bank0,0,,,,,,,idle,,,,18194819132,,,,,,
A249_bank0_2020_02_05_phototag_test_7mW_4msramp,A249,2020_02_05,bank0,0,,,,,,,idle,,,,18194819132,,,,,,
A249_banks01checkerboard_2020_02_05_phototag_test_1mW,A249,2020_02_05,"banks0,1checkerboard",0,,,,,,,idle,,,,18194819132,,,,,,
A249_banks01checkerboard_2020_02_05_phototag_test_20mW,A249,2020_02_05,"banks0,1checkerboard",0,,,,,,,idle,,,,18194819132,,,,,,
A249_banks01checkerboard_2020_02_05_phototag_test_7mW,A249,2020_02_05,"banks0,1checkerboard",0,,,,,,,idle,,,,18194819132,,,,,,
A249_2020_02_07,A249,2020_02_07,bank0,0,1,1,0,1,,,PBups,5,,first day of phototagging with behavior. 7mW 473nm. connection came loose so cancelled recording/session. (can't find the data in X. Confused about what happened on this sessoin - 11/30/20),18194819132,,,,,,
A249_2020_02_07b,A249,2020_02_07,bank0,0,,,,,,,PBups,5,,first day of phototagging with behavior. 7mW 473nm. g0 good but crashed. file reconstructude but not uploaded to sessions table. g1 has lt 100 trials and ran out of disk space so may be corrupted. 2nd of 3 sessions of the day is the good one.,18194819132,,,,,,
A249_2020_02_11,A249,2020_02_11,bank0,,0,1,1,1,,X:\RATTER\PhysData\NP_sorted\Adrian\A249\A249_2020_02_11\A249_2020_02_11_g0\spikesort_2020_02_13_16_20_07_ks2jrc\A249_2020_02_11_g0_t0.imec0.ap.artifact_removed_res.Cells.mat,PBups,5,,good behavior and good recroding.,18194819132,,1,,opto,1,
A249_bank0_2020_02_11_short,A249,2020_02_11,bank0,,1,1,,,X:\RATTER\PhysData\NP_sorted\Adrian\A249\A249_bank0_2020_02_11_short\spikesort_2020_03_13_21_25_11_ks2jrc\A249_2020_02_11_g0_t0.exported.imec0.ap_not_curated.Cells.mat,,PBups,,,good behavior and good recroding.,18194819132,,1,,opto,1,
A249_2020_02_10,A249,2020_02_13,bank0,,,,,,,,PBups,,,couldn't get a good connection so let him train without recording. these data aren't usable.,18194819132,,,,,,
A249_2020_02_13,A249,2020_02_13,bank0,,1,1,,,X:\RATTER\PhysData\NP_sorted\Adrian\A249\A249_2020_02_13\A249_2020_02_13_g0\spikesort_2020_03_13_19_29_09_ks2jrc\A249_2020_02_13_g0_t0.imec0.ap_not_curated.Cells.mat,,PBups,,,"after about 150 trials, I stopped bcontrol and phys because there were movement artifacts. tried other references but it didn;t help.",18194819132,,,,,,
A249_2020_02_13c,A249,2020_02_13,bank0,0,,,,,,,PBups,,,another 300 trials. lower gain. still bad movement artifacts. noise got much worse (saturating) when I checked him at the end. not sure when it started.,18194819132,,,,,,
T227_2020_03_14_idle_bank0,T227,2020_03_14,bank0,1,,,,,,,,,,,,,,,,,
T227_2020_03_14_idle_bank1,T227,2020_03_14,bank0,1,,,,,,,,,,,,,,,,,
T227_2020_03_15_idle_bank0,T227,2020_03_15,bank0,1,,,,,,,,,,,,,,,,,
T227_2020_03_15_idle_bank1,T227,2020_03_15,bank0,1,,,,,,,,,,,,,,,,,
T249_2020_03_16_idle_bank0_g0,T239,2020_03_16,bank0,0,,,,,,,,,,,,,,,,,
A249_2020_08_26,A249,2020_08_26,bank0,0,,1,,,,X:\RATTER\PhysData\NP_sorted\Adrian\A249\A249_2020_08_26\A249_2020_08_26_g0\spikesort_2020_11_02_13_30_07_ks2jrc\A249_2020_08_26_g0_t0.imec0.ap.artifact_removed_res.Cells.mat,PBups,5,,first day recording after shutdown. amazed that probe is still Ok and a decent number of cells. I did phototagging with 5mW. Unfortunately his behavior was shit. 50% correct.,18194819132,,,,,,
A249_bank0_2020_08_26,A249,2020_08_26,bank0,0,,1,,,,,idle,,,,18194819132,,,,,,
A249_bank1_2020_08_26,A249,2020_08_26,bank1,0,,1,,,,,idle,,,"very few cells, causes crashing in jrclust import. (only 3 good channels identified by ks2). so no cells file.",18194819132,,,,,,
A249_2020_08_31,A249,2020_08_31,bank0,0,,1,,,,,PBups,5,,probe got detached during recording. started new run with better taping of the cable and started new session. both recordings should be sorted together. syncing may be complicated given signal dropouts in first run.,18194819132,,,,,,
A256_bank0_2020_09_02,A256,2020_09_02,bank0,0,,1,,,,,idle,,,,18194819321,,,,,,
A256_bank1_2020_09_02,A256,2020_09_02,bank1,0,,1,,,,,idle,,,the bank0/1 border roughly perfectly divides striatum and cortex. tons of cortical cells.,18194819321,,,,,,
A249_2020_09_04,A249,2020_09_04,bank0,0,,1,1,1,,X:\RATTER\PhysData\NP_sorted\Adrian\A249\A249_2020_09_04\A249_2020_09_04_g0\spikesort_2020_11_04_09_34_12_ks2jrc\A249_2020_09_04_g0_t0.imec0.ap.artifact_removed_res.Cells.mat,PBups,1,,"~350 trials, 75% correct, low violations. no apparent signal dropouts. very nice session. 1mW!",18194819132,,,,,,
A256_bank1_2020_09_07,A256,2020_09_04,bank1,0,,1,,,,,idle,,,,18194819321,,,,,,
A256_bank0_2020_09_04,A256,2020_09_04,bank0,0,,1,,,,,idle,,,"slightly fewer cells, striatal yield is looking a bit disappointing especially deep",18194819321,,,,,,
A256_bank1_2020_09_04,A256,2020_09_04,bank1,0,,1,,,,,idle,,,"slightly fewer cells, striatal yield is looking a bit disappointing especially deep",18194819321,,,,,,
A249_2020_09_07,A249,2020_09_07,bank0,0,,1,1,1,,X:\RATTER\PhysData\NP_sorted\Adrian\A249\A249_2020_09_07\A249_2020_09_07_g0\spikesort_2020_11_04_09_35_48_ks2jrc\A249_2020_09_07_g0_t0.imec0.ap.artifact_removed_res.Cells.mat,PBups,5,,"~300 trials, 75% correct, low violations. no apparent signal dropouts. very nice session. 5mW!",18194819132,,,,,,
A256_2020_09_07,A256,2020_09_07,bank0,0,,1,1,0,,X:\RATTER\PhysData\NP_sorted\Adrian\A256\A256_2020_09_07\A256_2020_09_07_g0\spikesort_2020_11_09_11_15_53_ks2jrc\A256_2020_09_07_g0_t0.imec0.ap.artifact_removed_res.Cells.mat,PBups,,,plugged in opto but ITI wasn't long enough for it to ever stim. so just a phys session. good behavior and trial count!,18194819321,,,,,,
A249_2020_09_09,A249,2020_09_09,bank0,0,,1,1,1,,X:\RATTER\PhysData\NP_sorted\Adrian\A249\A249_2020_09_09\A249_2020_09_09_g0\spikesort_2020_11_05_10_31_44_ks2jrc\A249_2020_09_09_g0_t0.imec0.ap.artifact_removed_res.Cells.mat,PBups,5,,"~300 trials, 75% correct, low violations. no apparent signal dropouts. very nice session. 5mW!",18194819132,,,,,,
A249_2020_09_11,A249,2020_09_11,bank0,0,,1,1,1,,X:\RATTER\PhysData\NP_sorted\Adrian\A249\A249_2020_09_11\A249_2020_09_11_g0\spikesort_2020_11_05_12_07_24_ks2jrc\A249_2020_09_11_g0_t0.imec0.ap.artifact_removed_res.Cells.mat,PBups,5,,"~300 trials, 75% correct, low violations. no apparent signal dropouts. very nice session. 5mW!",18194819132,,,,,,
A256_2020_09_11,A256,2020_09_11,bank0,0,,1,1,1,,X:\RATTER\PhysData\NP_sorted\Adrian\A256\A256_2020_09_11\A256_2020_09_11_g0\spikesort_2020_11_10_10_15_43_ks2jrc\A256_2020_09_11_g0_t0.imec0.ap.artifact_removed_res.Cells.mat,PBups,5,,"350 trials, 79% correct. 3mW after trial 25, lowered from 5mW. great tagging sessin.",,,,,,,
A256_bank1_2020_09_11,A256,2020_09_11,bank1,0,,1,,,,,idle,,,still lots of cortical cells.,,,,,,,
A249_2020_09_16,A249,2020_09_16,bank0,0,,1,0,,,X:\RATTER\PhysData\NP_sorted\Adrian\A249\A249_2020_09_16\A249_2020_09_16_g0\spikesort_2020_10_29_09_01_02_ks2jrc\A249_2020_09_16_g0_t0.imec0.ap.artifact_removed_res.Cells.mat,PBups,5,,"~300 trials, 75% correct, low violations. no apparent signal dropouts. very nice session. 5mW! relatively low trial count (220) after removal of missing data chunks.",18194819132,,,,,,
A256_2020_09_16,A256,2020_09_16,bank0,0,,1,,,,,PBups,5,,"500 trials, 82% correct. 5mW. his trial count and performance are recovering excellently! loss of signal on probe about 2/3 way in. I need to chop out the good bits.",18194819321,,,,,,
A249_2020_09_18,A249,2020_09_18,bank0,0,,1,1,1,,X:\RATTER\PhysData\NP_sorted\Adrian\A249\A249_2020_09_18\A249_2020_09_18_g0\spikesort_2020_10_29_15_05_02_ks2jrc\A249_2020_09_18_g0_t0.imec0.ap.artifact_removed_res.Cells.mat,PBups,5,,"400 trials, 75% correct. good session, with tagging. 5mW.",18194819132,,,,,,
A256_2020_09_18,A256,2020_09_18,bank0,0,,1,1,1,,X:\RATTER\PhysData\NP_sorted\Adrian\A256\A256_2020_09_18\A256_2020_09_18_g0\spikesort_2020_11_17_14_26_17_ks2jrc\A256_2020_09_18_g0_t0.imec0.ap.artifact_removed_res.Cells.mat,PBups,5,,"442 trials, 77% correct.",18194819321,,,,,,
A256_bank1_2020_09_18_sync_sweep,A256,2020_09_18,bank1,0,,1,,,,,idle,,,"10 min recording on bank 1 also used as an opportunity to try a new syncing method. just use flag ""skip_sync"" to sort.",18194819321,,,,,,
A249_2020_09_21,A249,2020_09_21,bank0,0,,1,,,,,PBups,5,,"recording went crazy because of loose connection (presumably) about 1/3 of way through. started another recording (21b) and a new behavioral session but they could be merged. taken together, about 300 trials, 80% correct. tagging 5mW.",18194819132,,,,,,
A249_2020_09_21b,A249,2020_09_21,bank0,0,,1,,,,,PBups,5,,"recording went crazy because of loose connection (presumably) about 1/3 of way through. started another recording (21b) and a new behavioral session but they could be merged. taken together, about 300 trials, 80% correct. tagging 5mW.",18194819132,,,,,,
A256_2020_09_21,A256,2020_09_21,bank0,0,,1,1,1,,X:\RATTER\PhysData\NP_sorted\Adrian\A256\A256_2020_09_21\A256_2020_09_21_g0\spikesort_2020_11_19_13_40_23_ks2jrc\A256_2020_09_21_g0_t0.imec0.ap.artifact_removed_res.Cells.mat,PBups,5,,"499 trials, 76% correct.",18194819321,,,,,,
A256_bank1_2020_09_21_timestamp_test,A256,2020_09_21,bank1,0,,1,,,,,idle,,,"10 min recording on bank 1 also used as an opportunity to try a new syncing method. just use flag ""skip_sync"" to sort.",18194819321,,,,,,
A249_2020_09_23,A249,2020_09_23,bank0,0,,1,1,1,,X:\RATTER\PhysData\NP_sorted\Adrian\A249\A249_2020_09_23\A249_2020_09_23_g0\spikesort_2020_10_29_15_02_40_ks2jrc\A249_2020_09_23_g0_t0.imec0.ap.artifact_removed_res.Cells.mat,PBups,5,,"first day trying tape over ZIF. tape came loose after an hour, had to distrupt him to refasten. caught his tail in the door. still did well. first day with timestamp syncing. 3ms pulse duration, 1s period, 16 bits, 2V.",18194819132,,,,,,
A256_2020_09_23,A256,2020_09_23,bank0,0,,1,1,0,,X:\RATTER\PhysData\NP_sorted\Adrian\A256\A256_2020_09_23\A256_2020_09_23_g0\spikesort_2020_11_17_08_01_56_ks2jrc\A256_2020_09_23_g0_t0.imec0.ap.artifact_removed_res.Cells.mat,PBups,5,,"first day trying tape over ZIF. tape came loose after an hour, had to distrupt him to refasten. first day with timestamp syncing. 3ms pulse duration, 1s period, 16 bits, 2V. 500 trials, 80% correct. great behavioral session.there are NO LASER ARTIFACTS THIS SESSION AND NO TAGGED CELLS. LASER WAS SOMEHOW NOT ACTUALLY BEING DELIVERED. I DON'T KNOW WHY.",18194819321,,,,,,
A249_2020_09_25,A249,2020_09_25,bank0,0,,1,1,1,,X:\RATTER\PhysData\NP_sorted\Adrian\A249\A249_2020_09_25\A249_2020_09_25_g0\spikesort_2020_11_18_09_57_50_ks2jrc\A249_2020_09_25_g0_t0.imec0.ap.artifact_removed_res.Cells.mat,PBups,1,,"up until now, was using 5mW. today tried 1mW.",18194819132,,,,,,
A256_2020_09_25,A256,2020_09_25,bank0,0,,1,,,,,PBups,1,,"1mW, like A249. had some trouble getting a good connection at first but I sorted it out before recording started. will be interesting to see if there are any data dropouts. 500 trials, 80% correct. another great session from A256.",18194819321,,,,,,
A256_bank1_2020_09_25,A256,2020_09_25,bank1,0,,1,,,,,idle,,,still tons of cortical cells. should do a behavioral recording here.,18194819321,,,,,,
A249_2020_09_28,A249,2020_09_28,bank0,0,,1,,,,,PBups,10,,10mW today. moved probe today under anaesthesia after recording.,18194819132,,,,,,
A256_2020_09_28,A256,2020_09_28,bank0,0,,1,1,1,,X:\RATTER\PhysData\NP_sorted\Adrian\A256\A256_2020_09_28\A256_2020_09_28_g0\spikesort_2020_11_23_09_09_42_ks2jrc\A256_2020_09_28_g0_t0.imec0.ap.artifact_removed_res.Cells.mat,PBups,10,,10mW today.,18194819132,,,,,,
A249_bank0_2020_09_28_moving_probe,A249,2020_09_28,bank0,0,,1,0,0,,,idle,,,anaesthesia during probe movement. ,,,,,,,
A256_2020_09_30,A256,2020_09_30,bank0,0,,1,,,,,PBups,5,,back to 5mW. demod for jorge.,18194819132,,,,,,
A249_2020_09_30,A249,2020_09_30,bank0,0,,1,,,,,PBups,5,,back to 5mW. % correct not great after moving probe under anaesthesia. may have hurt his ears.,18194819132,,,,,,
A249_2020_10_02,A249,2020_10_02,bank0,0,,1,,,,,PBups,5,,5mW. % correct still not great. ~70% correct.,18194819132,,,,,,
A256_2020_10_02,A256,2020_10_02,bank1,0,,1,,,,,PBups,5,,5mW.,18194819132,,,,,,
A249_2020_10_07,A249,2020_10_07,bank0,0,,1,1,1,,"""X:\RATTER\PhysData\NP_sorted\Adrian\A249\A249_2020_10_07\A249_2020_10_07_g0\spikesort_2020_12_10_08_46_23_ks2jrc\A249_2020_10_07_g0_t0.imec0.ap.artifact_removed_res.Cells.mat""",PBups,5,,"5mW good taggig session. lots of trials, 74% correct.",18194819132,,,,,,
A256_2020_10_07,A256,2020_10_07,bank0,0,,1,1,1,,"""X:\RATTER\PhysData\NP_sorted\Adrian\A256\A256_2020_10_07\A256_2020_10_07_g0\spikesort_2020_12_09_15_47_58_ks2jrc\A256_2020_10_07_g0_t0.imec0.ap.artifact_removed_res.Cells.mat""",PBups,5,,"5mW, great tagging session. 81% correct. lots of trials.",18194819132,,,,,,
A249_2020_10_14,A249,2020_10_14,bank0,0,,1,1,1,,"""X:\RATTER\PhysData\NP_sorted\Adrian\A249\A249_2020_10_14\A249_2020_10_14_g0\spikesort_2021_01_08_17_50_25_ks2jrc\A249_2020_10_14_g0_t0.imec0.ap.artifact_removed_res.Cells.mat""",PBups,5,,"5mW tagging, didn't see much evidence for laser on neurons. maybe ferrule connection wasn't great. but his performance seems to be creeping back up. 74% today.",18194819132,,,,,,
A256_2020_10_14,A256,2020_10_14,bank0,0,,1,1,1,,"""X:\RATTER\PhysData\NP_sorted\Adrian\A256\A256_2020_10_14\A256_2020_10_14_g0\spikesort_2021_01_05_12_48_01_ks2jrc\A256_2020_10_14_g0_t0.imec0.ap.artifact_removed_res.Cells.mat""",PBups,5,,"5mW, great tagging session. ",18194819132,,,,,,
A249_2020_10_19,A249,2020_10_19,bank0,0,,1,,,,,PBups,5,,"5mW tagging, didn't see much evidence for laser on neurons. his performance remains middling. took him forever to let me plug him in. neuronal yield not great",18194819132,,,,,,
A256_2020_10_19,A256,2020_10_19,bank0,0,,1,,,,,PBups,5,,"5mW, only went right for the first 125 trials but then did fine. otherwise good session.",18194819132,,,,,,
A256_2020_10_22,A256,2020_10_19,bank0,0,,1,,,,,PBups,5,,good tagging session. first since replacing tether after A249 chewed it. 5 mW.,18194819132,,,,,,
A256_2020_10_26,A256,2020_10_26,bank0,0,,1,,,,,PBups,5,,"5mW, great tagging session. 81% correct. lots of trials.",18194819132,,,,,,
A256_2020_10_30,A256,2020_10_30,bank0,0,,1,1,1,,"""X:\RATTER\PhysData\NP_sorted\Adrian\A256\A256_2020_10_30\A256_2020_10_30_g0\spikesort_2021_01_06_11_40_48_ks2jrc\A256_2020_10_30_g0_t0.imec0.ap.artifact_removed_res.Cells.mat""",PBups,5,,"5mW, great tagging session. 81% correct. lots of trials.",18194819132,,,,,,
A256_2020_11_02,A256,2020_11_02,bank0,0,,1,,,,,PBups,5,,"recorded with verity's new opto behavior settings. (pulsing, 0.2s ramp, four conditions)",18194819132,,,,,,
A256_2020_11_05,A256,2020_11_05,bank0,0,,1,1,1,,"""X:\RATTER\PhysData\NP_sorted\Adrian\A256\A256_2020_11_05\A256_2020_11_05_g0\spikesort_2020_12_11_09_02_30_ks2jrc\A256_2020_11_05_g0_t0.imec0.ap.artifact_removed_res.Cells.mat""",PBups,5,,great tagging session. good behavior and trial count. 5mW.,18194819132,,,,,,
A256_bank1_2020_11_05,A256,2020_11_05,bank1,0,,1,,,,,idle,,,,18194819132,,,,,,
A256_2020_11_09,A256,2020_11_09,bank0,0,,1,1,1,,"""X:\RATTER\PhysData\NP_sorted\Adrian\A256\A256_2020_11_09\A256_2020_11_09_g0\spikesort_2020_12_08_09_02_47_ks2jrc\A256_2020_11_09_g0_t0.imec0.ap.artifact_removed_res.Cells.mat""",PBups,5,,great tagging session. good behavior and trial count. 5mW.,18194819132,,,,,,
A256_2020_11_16,A256,2020_11_16,bank0,0,,1,,1,,,PBups,15,,reasonably good behavior although slightly higher lapses than usual (75% correct). increased power to 15mW to improve tagging.,,,,,,,
A256_2020_11_18,A256,2020_11_18,bank0,0,,1,,1,,,PBups,15,,reasonably good behavior although slightly higher lapses than usual (74% correct). increased power to 15mW to improve tagging.,,,,,,,
A256_2020_11_19,A256,2020_11_19,bank0,0,,1,,1,,"""X:\RATTER\PhysData\NP_sorted\Adrian\A256\A256_2020_11_19\A256_2020_11_19_g0\spikesort_2020_11_30_12_35_18_ks2jrc\A256_2020_11_19_g0_t0.imec0.ap.artifact_removed_res.Cells.mat""",PBups,15,,back up his old 80% performance! and 15mW still. vry nice tagging session.,,,,,,,
A256_2020_11_23,A256,2020_11_23,bank0,0,,1,,1,,,PBups,15,,back up his old 80% performance! and 15mW still. vry nice tagging session.,,,,,,,
A257_bank1_2020_12_08,A257,2020_12_08,bank1,0,,1,0,0,,,idle,,,"anaesthetized, day of implantation",,,,,,,
A257_bank0_2020_12_08,A257,2020_12_08,bank0,0,,1,0,0,,,idle,,,"anaesthetized, day of implantation",,,,,,,
A249_bank0_2020_12_09_anaesthesized,A249,2020_12_09,bank0,0,,1,0,0,,,idle,,,"anaesthesia, last recording before explantation. would not let me plug in awake in rig.",,,,,,,
A257_bank1_2020_12_14,A257,2020_12_14,bank1,0,,1,0,0,,,idle,,,anaesthetized,,,,,,,
A257_bank0_2020_12_14,A257,2020_12_14,bank0,0,,1,0,0,,,idle,,,anaesthetized,,,,,,,
A294_2021_06_14_bank0_01,A294,2021_06_14,bank0,0,,1,0,0,,,idle,,,"first day recording from this rat. 5 days post surgery. two functional probes in ADS and TS, using both 3B1 systems",,,,,,,
A294_2021_06_14_bank0_02,A294,2021_06_14,bank0,0,,1,0,0,,,idle,,,"first day recording from this rat. 5 days post surgery. two functional probes in ADS and TS, using both 3B1 systems",,,,,,,
A294_2021_06_14_bank1_01,A294,2021_06_14,bank1,0,,1,0,0,,,idle,,,"first day recording from this rat. 5 days post surgery. two functional probes in ADS and TS, using both 3B1 systems",,,,,,,
A294_2021_06_14_bank1_02,A294,2021_06_14,bank1,0,,1,0,0,,,idle,,,"first day recording from this rat. 5 days post surgery. two functional probes in ADS and TS, using both 3B1 systems",,,,,,,
A294_2021_06_16_01,A294,2021_06_16,bank0,0,,1,0,0,"""X:\RATTER\PhysData\NP_sorted\Adrian\A294\A294_2021_06_16_01\A294_2021_06_16_01_g0\spikesort_2021_09_15_11_37_50_ks2jrc\A294_2021_06_16_01_g0_t0.imec0.ap_not_curated.Cells.mat""","""X:\RATTER\PhysData\NP_sorted\Adrian\A294\A294_2021_06_16_01\A294_2021_06_16_01_g0\spikesort_2021_09_15_11_37_50_ks2jrc\A294_2021_06_16_01_g0_t0.imec0.ap_res.Cells.mat""",PBups,,,"decent trial count, performance around 72%. if you exclude the first 100 trials, percent correct would go up. recorded from bank 0 in both probes.",19076606882,,,,,,
A294_2021_06_16_02,A294,2021_06_16,bank0,0,,1,0,0,"""X:\RATTER\PhysData\NP_sorted\Adrian\A294\A294_2021_06_16_02\A294_2021_06_16_02_g0\spikesort_2021_09_15_12_33_21_ks2jrc\A294_2021_06_16_02_g0_t0.imec0.ap_not_curated.Cells.mat""","""X:\RATTER\PhysData\NP_sorted\Adrian\A294\A294_2021_06_16_02\A294_2021_06_16_02_g0\spikesort_2021_09_15_12_33_21_ks2jrc\A294_2021_06_16_02_g0_t0.imec0.ap_res.Cells.mat""",PBups,,,"decent trial count, performance around 72%. if you exclude the first 100 trials, percent correct would go up. recorded from bank 0 in both probes.",18194819132,,,,,,
A294_2021_06_18_01,A294,2021_06_18,bank0,0,,1,1,0,"""X:\RATTER\PhysData\NP_sorted\Adrian\A294\A294_2021_06_18_01\A294_2021_06_18_01_g0\spikesort_2021_09_13_16_00_31_ks2jrc\A294_2021_06_18_01_g0_t0.imec0.ap_not_curated.Cells.mat""","""X:\RATTER\PhysData\NP_sorted\Adrian\A294\A294_2021_06_18_01\A294_2021_06_18_01_g0\spikesort_2021_09_13_16_00_31_ks2jrc\A294_2021_06_18_01_g0_t0.imec0.ap_res.Cells.mat""",PBups,,,"76% correect, 300 trials. ",19076606882,,,,,,
A294_2021_06_18_02,A294,2021_06_18,bank1,0,,1,0,0,"""X:\RATTER\PhysData\NP_sorted\Adrian\A294\A294_2021_06_18_02\supercat_A294_2021_06_18_02_g0\spikesort_2021_09_10_16_21_23_ks2jrc\A294_2021_06_18_02_g0_tcat.imec0.ap_not_curated.Cells.mat""",X:\RATTER\PhysData\NP_sorted\Adrian\A294\A294_2021_06_18_02\supercat_A294_2021_06_18_02_g0\spikesort_2021_09_10_16_21_23_ks2jrc\A294_2021_06_18_02_g0_tcat.imec0.ap_res.Cells.mat,PBups,,,"76% correect, 300 trials. FOF recorded",18194819132,,,,,,
A294_2021_06_18_02_run2,A294,2021_06_18,bank1,0,,1,0,0,supercatted with above,supercatted with above,PBups,,1,"76% correect, 300 trials. FOF recorded. some sites went crazy so started a new session. was fine after that. i think most of the data is in  run2.",18194819132,,,,,,
A294_2021_06_21_01,A294,2021_06_21,bank0,0,,1,1,0,"""X:\RATTER\PhysData\NP_sorted\Adrian\A294\A294_2021_06_21_01\A294_2021_06_21_01_g0\spikesort_2021_09_13_17_40_42_ks2jrc\A294_2021_06_21_01_g0_t0.imec0.ap_not_curated.Cells.mat""",X:\RATTER\PhysData\NP_sorted\Adrian\A294\A294_2021_06_21_01\A294_2021_06_21_01_g0\spikesort_2021_09_13_17_40_42_ks2jrc\A294_2021_06_21_01_g0_t0.imec0.ap_res.Cells.mat,PBups,,,"74% correect, 300 trials. ",19076606882,,,,,,
A294_2021_06_21_02,A294,2021_06_21,bank0,0,,1,1,0,,"""X:\RATTER\PhysData\NP_sorted\Adrian\A294\A294_2021_06_21_02\A294_2021_06_21_02_g0\spikesort_2021_06_29_16_37_59_ks2jrc\A294_2021_06_21_02_g0_t0.imec0.ap_res.Cells.mat""",PBups,,,"74% correect, 300 trials. ADS recorded",18194819132,,,,,,
A294_2021_06_22_01,A294,2021_06_22,bank0,0,,1,0,0,"""X:\RATTER\PhysData\NP_sorted\Adrian\A294\A294_2021_06_22_01\A294_2021_06_22_01_g0\spikesort_2021_09_13_18_34_33_ks2jrc\A294_2021_06_22_01_g0_t0.imec0.ap_not_curated.Cells.mat""",X:\RATTER\PhysData\NP_sorted\Adrian\A294\A294_2021_06_22_01\A294_2021_06_22_01_g0\spikesort_2021_09_13_18_34_33_ks2jrc\A294_2021_06_22_01_g0_t0.imec0.ap_res.Cells.mat,PBups,,,"67% correect, 300 trials. fifo queue overflow means TS probe had the last couple dozen trials cut off. yields very low.",19076606882,,,,,,
A294_2021_06_22_02,A294,2021_06_22,"banks0,1checkerboard",0,,1,0,0,"""X:\RATTER\PhysData\NP_sorted\Adrian\A294\A294_2021_06_22_02\A294_2021_06_22_02_g0\spikesort_2021_09_14_13_39_50_ks2jrc\A294_2021_06_22_02_g0_t0.imec0.ap_not_curated.Cells.mat""","""X:\RATTER\PhysData\NP_sorted\Adrian\A294\A294_2021_06_22_02\A294_2021_06_22_02_g0\spikesort_2021_09_14_13_39_50_ks2jrc\A294_2021_06_22_02_g0_t0.imec0.ap_res.Cells.mat""",PBups,,,"67% correect, 300 trials. fifo queue overflow means TS probe had the last couple dozen trials cut off. FOF and ADS recorded",18194819132,,,,,,
A294_2021_06_27_01,A294,2021_06_27,bank0,0,,1,1,0,"""X:\RATTER\PhysData\NP_sorted\Adrian\A294\A294_2021_06_27_01\A294_2021_06_27_01_g0\spikesort_2021_09_15_09_56_59_ks2jrc\A294_2021_06_27_01_g0_t0.imec0.ap_not_curated.Cells.mat""","""X:\RATTER\PhysData\NP_sorted\Adrian\A294\A294_2021_06_27_01\A294_2021_06_27_01_g0\spikesort_2021_09_15_09_56_59_ks2jrc\A294_2021_06_27_01_g0_t0.imec0.ap_res.Cells.mat""",PBups,,,"good day of recording. 74% correect, 350 trials. fifo queue overflow means TS probe had the last couple dozen trials cut off. yields very low.",19076606882,,,,,,
A294_2021_06_27_02,A294,2021_06_27,bank0,0,,1,1,0,"""X:\RATTER\PhysData\NP_sorted\Adrian\A294\A294_2021_06_27_02\A294_2021_06_27_02_g0\spikesort_2021_09_15_10_28_05_ks2jrc\A294_2021_06_27_02_g0_t0.imec0.ap_not_curated.Cells.mat""","""X:\RATTER\PhysData\NP_sorted\Adrian\A294\A294_2021_06_27_02\A294_2021_06_27_02_g0\spikesort_2021_09_15_10_28_05_ks2jrc\A294_2021_06_27_02_g0_t0.imec0.ap_res.Cells.mat""",PBups,,,"good day of recording. 74% correect, 350 trials. fifo queue overflow means TS probe had the last couple dozen trials cut off. yields def getting low. ADS probe had a lot of axon looking spikes on the superficial channels.",18194819132,,,,,,
A294_2021_06_29_01,A294,2021_06_29,bank0,0,,1,1,0,"""X:\RATTER\PhysData\NP_sorted\Adrian\A294\A294_2021_06_29_01\supercat_A294_2021_06_29_01_g0\spikesort_2021_09_10_14_22_35_ks2jrc\A294_2021_06_29_01_g0_tcat.imec0.ap_not_curated.Cells.mat""",X:\RATTER\PhysData\NP_sorted\Adrian\A294\A294_2021_06_29_01\supercat_A294_2021_06_29_01_g0\spikesort_2021_09_10_14_22_35_ks2jrc\A294_2021_06_29_01_g0_tcat.imec0.ap_res.Cells.mat,PBups,,1,70% correct and >400 trials. yields low. had nest cam set up on rig so restarted recording after fifo errors. several runs.,19076606882,,,,,,
A294_2021_06_29_02,A294,2021_06_29,"banks0,1checkerboard",0,,1,1,0,"""X:\RATTER\PhysData\NP_sorted\Adrian\A294\A294_2021_06_29_02\A294_2021_06_29_02_g0\spikesort_2021_09_14_17_06_16_ks2jrc\A294_2021_06_29_02_g0_t0.imec0.ap_not_curated.Cells.mat""",X:\RATTER\PhysData\NP_sorted\Adrian\A294\A294_2021_06_29_02\A294_2021_06_29_02_g0\spikesort_2021_09_14_17_06_16_ks2jrc\A294_2021_06_29_02_g0_t0.imec0.ap_res.Cells.mat,PBups,,,70% correct and >400 trials. yields low.,18194819132,,,,,,
A294_2021_06_30_01,A294,2021_06_30,bank0,0,,1,1,0,"""X:\RATTER\PhysData\NP_sorted\Adrian\A294\A294_2021_06_30_01\supercat_A294_2021_06_30_01_g0\spikesort_2021_07_09_12_55_10_ks2jrc\A294_2021_06_30_01_g0_tcat.imec0.ap_not_curated.Cells.mat""",X:\RATTER\PhysData\NP_sorted\Adrian\A294\A294_2021_06_30_01\supercat_A294_2021_06_30_01_g0\spikesort_2021_07_09_12_55_10_ks2jrc\A294_2021_06_30_01_g0_tcat.imec0.ap_res.Cells.mat,PBups,,1,best day yet behavior wise. 78% correct and >400 trials. yields low. had nest cam set up on rig so restarted recording after fifo errors. several runs.,19076606882,,,,,,
A294_2021_06_30_02,A294,2021_06_30,bank0,0,,1,1,0,"""X:\RATTER\PhysData\NP_sorted\Adrian\A294\A294_2021_06_30_02\A294_2021_06_30_02_g0\spikesort_2021_09_14_15_26_37_ks2jrc\A294_2021_06_30_02_g0_t0.imec0.ap_not_curated.Cells.mat""",X:\RATTER\PhysData\NP_sorted\Adrian\A294\A294_2021_06_30_02\A294_2021_06_30_02_g0\spikesort_2021_09_14_15_26_37_ks2jrc\A294_2021_06_30_02_g0_t0.imec0.ap_res.Cells.mat,PBups,,,best day yet behavior wise. 78% correct and >400 trials. yields low.,18194819132,,,,,,
A297_2021_07_18_01,A297,2021_07_18,bank0,0,,1,1,0,"""X:\RATTER\PhysData\NP_sorted\Adrian\A297\A297_2021_07_18_01\A297_2021_07_18_01_g0\spikesort_2021_09_16_14_10_11_ks2jrc\A297_2021_07_18_01_g0_t0.imec0.ap_not_curated.Cells.mat""","""X:\RATTER\PhysData\NP_sorted\Adrian\A297\A297_2021_07_18_01\A297_2021_07_18_01_g0\spikesort_2021_09_16_14_10_11_ks2jrc\A297_2021_07_18_01_g0_t0.imec0.ap_res.Cells.mat""",PBups,,,"first day recording with behavior. 74% correct, ~350 trials.",18194819321,,,,,,
A297_2021_07_18_02,A297,2021_07_18,bank0,0,,1,1,0,,"""X:\RATTER\PhysData\NP_sorted\Adrian\A297\A297_2021_07_18_02\A297_2021_07_18_02_g0\spikesort_2021_12_21_17_08_25_ks2jrc\A297_2021_07_18_02_g0_t0.imec0.ap_res.Cells.mat""",PBups,,,"first day recording with behavior. 74% correct, ~350 trials.",19076606841,,,,,,
A297_2021_07_16_bank0_18194819321,A297,2021_07_16,bank0,0,,1,0,0,,,idle,,,first day recording. 2 days post surgery. great yields on both probes.,,,,,,,
A297_2021_07_16_bank0_19076606841,A297,2021_07_16,bank0,0,,1,0,0,,,idle,,,first day recording. 2 days post surgery. great yields on both probes.,,,,,,,
A297_2021_07_16_bank1_18194819321,A297,2021_07_16,bank1,0,,1,0,0,,,idle,,,first day recording. 2 days post surgery. great yields on both probes.,,,,,,,
A297_2021_07_16_bank1_19076606841,A297,2021_07_16,bank1,0,,1,0,0,,,idle,,,first day recording. 2 days post surgery. great yields on both probes.,,,,,,,
A297_2021_07_25_01,A297,2021_07_25,bank0,0,,1,1,0,"""X:\RATTER\PhysData\NP_sorted\Adrian\A297\A297_2021_07_25_01\A297_2021_07_25_01_g0\spikesort_2021_10_26_14_08_03_ks2jrc\A297_2021_07_25_01_g0_t0.imec0.ap_not_curated.Cells.mat""","""X:\RATTER\PhysData\NP_sorted\Adrian\A297\A297_2021_07_25_01\A297_2021_07_25_01_g0\spikesort_2021_10_26_14_08_03_ks2jrc\A297_2021_07_25_01_g0_t0.imec0.ap_res.Cells.mat""",PBups,,,"fixed rig, did decent number of trials with mediocre behavior (~69% correct w/o FC and sideLED)",18194819321,,,,,,
A297_2021_07_25_02,A297,2021_07_25,bank0,0,,1,1,0,X:\RATTER\PhysData\NP_sorted\Adrian\A297\A297_2021_07_25_02\A297_2021_07_25_02_g0\spikesort_2021_09_23_16_56_40_ks2jrc\A297_2021_07_25_02_g0_t0.imec0.ap_not_curated.Cells.mat,X:\RATTER\PhysData\NP_sorted\Adrian\A297\A297_2021_07_25_02\A297_2021_07_25_02_g0\spikesort_2021_09_23_16_56_40_ks2jrc\A297_2021_07_25_02_g0_t0.imec0.ap_res.Cells.mat,PBups,,,"fixed rig, did decent number of trials with mediocre behavior (~69% correct w/o FC and sideLED)",19076606841,,,,,,
A297_2021_07_23_01,A297,2021_07_23,bank0,0,,1,0,0,,,PBups,,,rig 202 is working again but frustrated A297 did few trials.,18194819321,,,,,,
A297_2021_07_23_02,A297,2021_07_23,bank0,0,,1,0,0,,,PBups,,,rig 202 is working again but frustrated A297 did few trials.,19076606841,,,,,,
A297_2021_07_22_01,A297,2021_07_22,bank0,0,,1,0,0,,,PBups,,,less than 70% correct due to rig issues. prob not useable.,18194819321,,,,,,
A297_2021_07_22_02,A297,2021_07_22,bank0,0,,1,0,0,,,PBups,,,less than 70% correct due to rig issues. prob not useable.,19076606841,,,,,,
A297_2021_07_21_01,A297,2021_07_21,bank0,0,,1,0,0,,,PBups,,,less than 70% correct due to rig issues. prob not useable.,18194819321,,,,,,
A297_2021_07_21_02,A297,2021_07_21,bank0,0,,1,0,0,,,PBups,,,less than 70% correct due to rig issues. prob not useable.,19076606841,,,,,,
A297_2021_07_20_01,A297,2021_07_20,bank0,0,,1,0,0,,"""X:\RATTER\PhysData\NP_sorted\Adrian\A297\A297_2021_07_20_01\A297_2021_07_20_01_g0\spikesort_2021_12_21_19_50_17_ks2jrc\A297_2021_07_20_01_g0_t0.imec0.ap_res.Cells.mat""",PBups,,,"255 trials, 70% correct. rig starting to act up?",18194819321,,,,,,
A297_2021_07_20_02,A297,2021_07_20,bank0,0,,1,0,0,,"""X:\RATTER\PhysData\NP_sorted\Adrian\A297\A297_2021_07_20_02\A297_2021_07_20_02_g0\spikesort_2021_12_22_11_15_18_ks2jrc\A297_2021_07_20_02_g0_t0.imec0.ap_res.Cells.mat""",PBups,,,"255 trials, 70% correct. rig starting to act up?",19076606841,,,,,,
A297_2021_07_19_01,A297,2021_07_19,18194819321_check,0,,1,1,0,X:\RATTER\PhysData\NP_sorted\Adrian\A297\A297_2021_07_19_01\A297_2021_07_19_01_g0\spikesort_2021_09_21_20_47_59_ks2jrc\A297_2021_07_19_01_g0_t0.imec0.ap_not_curated.Cells.mat,X:\RATTER\PhysData\NP_sorted\Adrian\A297\A297_2021_07_19_01\A297_2021_07_19_01_g0\spikesort_2021_09_21_20_47_59_ks2jrc\A297_2021_07_19_01_g0_t0.imec0.ap_res.Cells.mat,PBups,,,"407 trials, 76% correct. v good session. checkerboard for both ADS and FOF.",18194819321,,,,,,
A297_2021_07_19_02,A297,2021_07_19,bank0,0,,1,1,0,X:\RATTER\PhysData\NP_sorted\Adrian\A297\A297_2021_07_19_02\A297_2021_07_19_02_g0\spikesort_2021_09_21_16_19_19_ks2jrc\A297_2021_07_19_02_g0_t0.imec0.ap_not_curated.Cells.mat,X:\RATTER\PhysData\NP_sorted\Adrian\A297\A297_2021_07_19_02\A297_2021_07_19_02_g0\spikesort_2021_09_21_16_19_19_ks2jrc\A297_2021_07_19_02_g0_t0.imec0.ap_res.Cells.mat,PBups,,,"407 trials, 76% correct. v good session. ",19076606841,,,,,,
A297_2021_08_04_01,A297,2021_08_04,bank0,0,,1,0,0,,,PBups,,,"good trial count, low cell count in FOF and TS, right bias, ~70% correct. would be higher if you remove beginning of session. May be worth eventually adding these four sessions to the glm analysis.",18194819321,,,,,,
A297_2021_08_04_02,A297,2021_08_04,18194819321_check,0,,1,0,0,,,PBups,,,"good trial count, low cell count in FOF and TS, right bias, ~70% correct. would be higher if you remove beginning of session.",19076606841,,,,,,
A297_2021_08_05_01,A297,2021_08_05,bank0,0,,1,0,0,,,PBups,,,"good trial count, low cell count in FOF and TS, right bias, ~70% correct. would be higher if you remove beginning of session.",18194819321,,,,,,
A297_2021_08_05_02,A297,2021_08_05,bank0,0,,1,0,0,,,PBups,,,"good trial count, low cell count in FOF and TS, right bias, ~70% correct. would be higher if you remove beginning of session.",19076606841,,,,,,
A295_2021_10_03,A295,2021_10_03,bank0,0,,1,,,,,PBups,,,"first day recording from A295 with behavior. Made a new cable which didn't work so only recorded one probe. Mediocre trial count and behavior (68% correct, <200 trials).",,,,,,,
A295_2021_10_04_02,A295,2021_10_04,bank0,0,,1,1,,,"""X:\RATTER\PhysData\NP_sorted\Adrian\A295\A295_2021_10_04_02\supercat_A295_2021_10_04_02_g0\spikesort_2022_02_07_17_02_39_ks2jrc\A295_2021_10_04_02_g0_tcat.imec0.ap_res.Cells.mat""",PBups,,,"actually decent trial count and behavior in the end (~300 trials, 76% correct). the rig 202 acq system kept crapping out so no data from ""01"" is useable. multiple sessions from ""02"" should be concatenated because stopped recording once to deal with other acquisition system.",18194819132,,,,,,
A295_2021_10_05,A295,2021_10_05,bank0,0,,1,1,,,"""X:\RATTER\PhysData\NP_sorted\Adrian\A295\A295_2021_10_05\A295_2021_10_05_g0\spikesort_2022_02_04_15_12_35_ks2jrc\A295_2021_10_05_g0_t0.imec0.ap_res.Cells.mat""",PBups,,,">300 trials, 77% correct. recorded only left probe (one with lots of cells).",,,,,,,
A295_2021_10_06,A295,2021_10_06,bank0,0,,1,,,,,PBups,,,"terrible behavior, not useable. recorded only left probe.",,,,,,,
A295_2021_10_07_02,A295,2021_10_07,bank0,,,1,1,,"""X:\RATTER\PhysData\NP_sorted\Adrian\A295\A295_2021_10_07_02\supercat_A295_2021_10_07_02_g0\spikesort_2021_10_27_12_33_27_ks2jrc\A295_2021_10_07_02_g0_tcat.imec0.ap_not_curated.Cells.mat""","""X:\RATTER\PhysData\NP_sorted\Adrian\A295\A295_2021_10_07_02\supercat_A295_2021_10_07_02_g0\spikesort_2021_10_27_12_33_27_ks2jrc\A295_2021_10_07_02_g0_tcat.imec0.ap_res.Cells.mat""",PBups,,,">300 trials, ~70% correct. useable barely. recorded both probes, with 3b1 and 3b2 mixes. supercat on _02 because FPGA had fifo overflow.",,,,,,,
A295_2021_10_07_01,A295,2021_10_07,bank0,,,1,1,,"""X:\RATTER\PhysData\NP_sorted\Adrian\A295\A295_2021_10_07_01\A295_2021_10_07_01_g0\spikesort_2021_10_28_15_49_50_ks2jrc\A295_2021_10_07_01_g0_t0.imec0.ap_not_curated.Cells.mat""","""X:\RATTER\PhysData\NP_sorted\Adrian\A295\A295_2021_10_07_01\A295_2021_10_07_01_g0\spikesort_2021_10_28_15_49_50_ks2jrc\A295_2021_10_07_01_g0_t0.imec0.ap_res.Cells.mat""",PBups,,,">300 trials, ~70% correct. useable barely. recorded both probes, with 3b1 and 3b2 mixes. supercat on _02 because FPGA had fifo overflow. left probe with lots of cells is on _02.",,,,,,,
A295_2021_10_13_01,A295,2021_10_13,bank0,,,1,1,,,"""X:\RATTER\PhysData\NP_sorted\Adrian\A295\A295_2021_10_13_01\A295_2021_10_13_01_g0\spikesort_2022_02_05_18_02_24_ks2jrc\A295_2021_10_13_01_g0_t0.imec0.ap_res.Cells.mat""",PBups,,,">400 trials, 77% correct. quite good session. recorded both probes, with 3b1 and 3b2 mixes. supercat on _02 because stopped acquiring samples (screen froze). left probe with lots of cells is on _02. almost no cells left on right probe (_01) but amazingly many on left probe for two weeks after (_02). this is first session after long weekend away.",18194819132,,,,,,
A295_2021_10_13_02,A295,2021_10_13,bank0,,,1,1,,,"""X:\RATTER\PhysData\NP_sorted\Adrian\A295\A295_2021_10_13_02\supercat_A295_2021_10_13_02_g0\spikesort_2022_02_07_10_24_03_ks2jrc\A295_2021_10_13_02_g0_tcat.imec0.ap_res.Cells.mat""",PBups,,,">400 trials, 77% correct. quite good session. recorded both probes, with 3b1 and 3b2 mixes. supercat on _02 because stopped acquiring samples (screen froze). left probe with lots of cells is on _02. almost no cells left on right probe (_01) but amazingly many on left probe for two weeks after (_02). this is first session after long weekend away.",18194819132,,,,,,
A295_2021_10_14_01,A295,2021_10_14,bank0,,,1,1,,,"""X:\RATTER\PhysData\NP_sorted\Adrian\A295\A295_2021_10_14_01\A295_2021_10_14_01_g0\spikesort_2022_02_07_18_29_48_ks2jrc\A295_2021_10_14_01_g0_t0.imec0.ap_res.Cells.mat""",PBups,,,"~300 trials, 73% correct. recorded both probes, with 3b1 and 3b2 mixes. ",,,,,,,
A295_2021_10_14_02,A295,2021_10_14,bank0,,,1,1,,,"""X:\RATTER\PhysData\NP_sorted\Adrian\A295\A295_2021_10_14_02\A295_2021_10_14_02_g0\spikesort_2022_02_07_19_06_22_ks2jrc\A295_2021_10_14_02_g0_t0.imec0.ap_res.Cells.mat""",PBups,,,"~300 trials, 73% correct. recorded both probes, with 3b1 and 3b2 mixes. ",,,,,,,
A295_2021_10_18_01,A295,2021_10_18,bank0,,,1,1,,,"""X:\RATTER\PhysData\NP_sorted\Adrian\A295\A295_2021_10_18_01\A295_2021_10_18_01_g0\spikesort_2022_02_04_13_55_07_ks2jrc\A295_2021_10_18_01_g0_t0.imec0.ap_res.Cells.mat""",PBups,,,"~350 trials, 77% correct. recorded both probes, with 3b1 and 3b2 mixes. ",18194819132,,,,,,
A295_2021_10_18_02,A295,2021_10_18,bank0,,,1,1,,,"""X:\RATTER\PhysData\NP_sorted\Adrian\A295\A295_2021_10_18_02\A295_2021_10_18_02_g0\spikesort_2022_02_04_17_22_37_ks2jrc\A295_2021_10_18_02_g0_t0.imec0.ap_res.Cells.mat""",PBups,,,"~350 trials, 77% correct. recorded both probes, with 3b1 and 3b2 mixes. ",18194819132,,,,,,
A295_2021_10_20_01,A295,2021_10_20,bank0,,,1,1,,,"""X:\RATTER\PhysData\NP_sorted\Adrian\A295\A295_2021_10_20_01\A295_2021_10_20_01_g0\spikesort_2022_02_08_14_53_31_ks2jrc\A295_2021_10_20_01_g0_t0.imec0.ap_res.Cells.mat""",PBups,,,"~400 trials, 77% correct. recorded both probes, with 3b1 and 3b2 mixes. ",18194819132,,,,,,
A295_2021_10_20_02,A295,2021_10_20,bank0,,,1,1,,,"""X:\RATTER\PhysData\NP_sorted\Adrian\A295\A295_2021_10_20_02\A295_2021_10_20_02_g0\spikesort_2022_02_08_20_11_11_ks2jrc\A295_2021_10_20_02_g0_t0.imec0.ap_res.Cells.mat""",PBups,,,"~400 trials, 77% correct. recorded both probes, with 3b1 and 3b2 mixes. ",18194819132,,,,,,
A295_2021_10_21_01,A295,2021_10_21,bank0,,,1,1,,,"""X:\RATTER\PhysData\NP_sorted\Adrian\A295\A295_2021_10_21_01\A295_2021_10_21_01_g0\spikesort_2022_02_09_11_20_52_ks2jrc\A295_2021_10_21_01_g0_t0.imec0.ap_res.Cells.mat""",PBups,,,"~450 trials, 80% correct. recorded both probes, with 3b1 and 3b2 mixes. best behavior yet. put new ports on with chew guards. licking artifact on right port only. saturated ADC occasionally.",18194819132,,,,,,
A295_2021_10_21_02,A295,2021_10_21,bank0,,,1,1,,,"""X:\RATTER\PhysData\NP_sorted\Adrian\A295\A295_2021_10_21_02\A295_2021_10_21_02_g0\spikesort_2022_02_09_12_34_25_ks2jrc\A295_2021_10_21_02_g0_t0.imec0.ap_res.Cells.mat""",PBups,,,"~450 trials, 80% correct. recorded both probes, with 3b1 and 3b2 mixes. best behavior yet. put new ports on with chew guards. licking artifact on right port only. saturated ADC occasionally.",18194819132,,,,,,
T219_2019_11_25,T219,2019_11_25,,,,1,0,,,"""X:\RATTER\PhysData\NP_sorted\Adrian\T219\T219_2019_11_25\T219_2019_11_25_Cells.mat""",PBups,,,no stereo clicks in trials,,,,,,,
T219_2019_11_27,T219,2019_11_27,,,,1,0,,,"""X:\RATTER\PhysData\NP_sorted\Adrian\T219\T219_2019_11_27\T219_2019_11_27_Cells.mat""",PBups,,,no stereo clicks in trials,,,,,,,
T219_2019_12_03,T219,2019_12_03,,,,1,1,,,"""X:\RATTER\PhysData\NP_sorted\Adrian\T219\T219_2019_12_03\T219_2019_12_03_Cells.mat""",PBups,,,,,,,,,,
T219_2019_12_05,T219,2019_12_05,,,,1,1,,,"""X:\RATTER\PhysData\NP_sorted\Adrian\T219\T219_2019_12_05\T219_2019_12_05_Cells.mat""",PBups,,,,,,,,,,
T219_2019_12_09,T219,2019_12_09,,,,1,1,,,"""X:\RATTER\PhysData\NP_sorted\Adrian\T219\T219_2019_12_09\T219_2019_12_09_Cells.mat""",PBups,,,,,,,,,,
T219_2019_12_20,T219,2019_12_20,,,,1,1,,,"""X:\RATTER\PhysData\NP_sorted\Adrian\T219\T219_2019_12_20\T219_2019_12_20_Cells.mat""",PBups,,,,,,,,,,
T219_2019_12_30,T219,2019_12_30,,,,1,0,,,"""X:\RATTER\PhysData\NP_sorted\Adrian\T219\T219_2019_12_30\T219_2019_12_30_Cells.mat""",PBups,,,no stereo clicks in trials,,,,,,,
T219_2020_01_02,T219,2020_01_02,,,,1,0,,,"""X:\RATTER\PhysData\NP_sorted\Adrian\T219\T219_2020_01_02\T219_2020_01_02_Cells.mat""",PBups,,,no stereo clicks in trials,,,,,,,
T219_2020_01_07,T219,2020_01_07,,,,1,0,,,"""X:\RATTER\PhysData\NP_sorted\Adrian\T219\T219_2020_01_07\T219_2020_01_07_Cells.mat""",PBups,,,no stereo clicks in trials,,,,,,,
