recording_name,sess_date,rat,sessid,probe_serial,days_implanted,n_clusters,AP_mm,ML_mm,insertion_depth_mm,coronal_angle_deg,sagittal_angle_deg,UberPhys,hemisphere,region_names,n_trials,violation_rate,percent_correct,nic,stim_dur_range_1,stim_dur_range_2,laser_power_mW,D2Phototagging,days_since_viral_injection,notes,mat_file_name,last_modified,ap_group
A242_2019_05_30,30-May-2019,A242,700519,17131311621,10,70,-2.35,4.95,7.6,5,0,0,right,"Amyg,TS",196,0.529976019184652,69.3877551020408,1.50099999999995,0.204500999999709,0.997499999999491,NaN,NaN,NaN,,X:\RATTER\PhysData\NP_sorted\Adrian\A242\A242_2019_05_30\spikesort_2019_06_01_11_16_50_ks2jrc\2019-05-30_g0_t0.imec0.ap_res.Cells.mat,04-Aug-2020 16:33:51,4
A242_2019_06_03,03-Jun-2019,A242,701531,17131311621,14,62,-2.35,4.95,7.6,5,0,0,right,"Amyg,TS",515,0.464656964656965,75.5339805825243,1.50099999999995,0.207501000000775,0.997508999999809,NaN,NaN,NaN,,X:\RATTER\PhysData\NP_sorted\Adrian\A242\A242_2019_06_03\spikesort_2019_06_17_19_44_00_ks2jrc\A242_2019-06-03_Cells.mat,18-Jun-2019 21:31:44,4
A242_2019_06_06,06-Jun-2019,A242,702016,17131311621,17,37,-2.35,4.95,7.6,5,0,0,right,"Amyg,TS",200,0.43342776203966,74,1.50099999999995,0.208000000000538,0.999000000000024,NaN,NaN,NaN,,X:\RATTER\PhysData\NP_sorted\Adrian\A242\A242_2019_06_06\spikesort_2019_08_27_19_33_01_ks2jrc\A242_2019-06-06_Cells.mat,26-Sep-2019 21:50:17,4
A242_2019_06_07,07-Jun-2019,A242,702361,17131311621,18,102,-2.35,4.95,7.6,5,0,0,right,"Amyg,TS",380,0.425981873111782,71.5789473684211,1.50099999999995,0.20750500000031,0.998993000001065,NaN,NaN,NaN,,X:\RATTER\PhysData\NP_sorted\Adrian\A242\A242_2019_06_07\A242_2019_06_07_g0_imec0\spikesort_2019_08_22_13_28_44_ks2jrc\A242_2019_06_07_g0_t0.imec0.ap_res.Cells.mat,06-Nov-2020 14:52:15,4
A242_2019_06_10,10-Jun-2019,A242,703121,17131311621,21,14,-2.35,4.95,7.6,5,0,0,right,"Amyg,TS",394,0.428156748911466,78.1725888324873,1.50099999999995,0.207997999999861,0.997999999999934,NaN,NaN,NaN,,X:\RATTER\PhysData\NP_sorted\Adrian\A242\A242_2019_06_10\spikesort_2019_08_21_22_45_54_ks2jrc\A242_2019-06-10_Cells.mat,26-Sep-2019 21:54:25,4
A242_2019_06_12,12-Jun-2019,A242,703771,17131311621,23,62,-2.35,4.95,7.6,5,0,0,right,"Amyg,TS",396,0.392638036809816,79.040404040404,1.50099999999995,0.207503000000088,0.997511999999915,NaN,NaN,NaN,,X:\RATTER\PhysData\NP_sorted\Adrian\A242\A242_2019_06_12\2019-06-12_g0_imec0\spikesort_2020_02_28_12_58_26_ks2jrc\2019-06-12_g0_t0.imec0.ap_res.Cells.mat,30-Nov-2020 10:26:32,4
A242_2019_06_20,20-Jun-2019,A242,706158,17131311621,31,72,-2.35,4.95,7.6,5,0,0,right,"Amyg,TS",248,0.45374449339207,70.9677419354839,1.50099999999995,0.200000000000273,0.999492000000146,NaN,NaN,NaN,,X:\RATTER\PhysData\NP_sorted\Adrian\A242\A242_2019_06_20\2019-06-20_g0_imec0\spikesort_2020_03_04_11_46_35_ks2jrc\2019-06-20_g0_t0.imec0.ap_res.Cells.mat,30-Nov-2020 10:28:12,4
A230_2019_07_15,15-Jul-2019,A230,713429,17131308571,13,143,-0.8,4,6.6,-2,0,0,left,"IC,Str3",137,0.619834710743802,77.3722627737226,1.50099999999995,0.208517999999458,0.999514999999974,NaN,NaN,NaN,"400+ trials, 80% correct. this is really the only useable session with behavior.",X:\RATTER\PhysData\NP_sorted\Adrian\A230\A230_2019_07_15\2019-07-15_g0_imec0\spikesort_2019_07_19_00_46_14_ks2jrc\A230_2019-07-15_Cells.mat,26-Sep-2019 22:02:04,3
A241_2019_09_26,26-Sep-2019,A241,734656,18194823302,15,119,-0.6,4,10,-2,0,0,left,"Amyg,IC,S1,Str3",81,0.517857142857143,71.6049382716049,1.5,0.199999999999818,0.997502000000168,NaN,NaN,NaN,"very few cells, esp. deep. 222 trials, 78% correct. verity resorted by accident so there is a second later sorting from 2020.",X:\RATTER\PhysData\NP_sorted\Adrian\A241\A241_2019_09_26\2019-09-26_g0\2019-09-26_g0_imec0\spikesort_2019_12_07_21_38_22_ks2jrc\2019-09-26_g0_t0.imec0.ap_res.Cells.mat,21-Feb-2020 21:26:12,3
A243_2019_09_26b,26-Sep-2019,A243,734648,18194824132,13,170,0.7,2.45,9,0,0,0,right,"Amyg,GP,M1,PO,Str2,VP",336,0.37546468401487,68.1547619047619,1.50099999999995,0.208000000000084,0.99799999999999,NaN,NaN,NaN,"crash in middle of session. this recording has more trials and better behavior. 700+ trials, 75% correct.",X:\RATTER\PhysData\NP_sorted\Adrian\A243\A243_2019_09_26b\A243_2019_09_26_g1_imec0\spikesort_2019_10_03_12_06_21_ks2jrc\A243_2019_09_26_g1_t0.imec0.ap_res.Cells.mat,06-Nov-2020 16:03:40,2
X046_2019_09_30,30-Sep-2019,X046,735284,18194823122,15,83,1.9,1.3,7.4,10,0,0,left,"ADS,FOF,NAc",228,0.458432304038005,82.0175438596491,1.501,0.20100100000036,0.990499999999884,NaN,NaN,NaN,"these are the three best X046 sessions, but there are a few others sorted.",X:\RATTER\PhysData\NP_sorted\Adrian\X046\X046_2019_09_30\2019-09-30_g0_imec0\spikesort_2019_10_03_11_04_02_ks2jrc\X046_2019-09-30_Cells.mat,10-Oct-2019 22:22:37,1
X046_2019_09_23,23-Sep-2019,X046,733984,18194823122,8,231,1.9,1.3,7.4,10,0,0,left,"ADS,FOF,NAc",321,0.358,80.9968847352025,1.501,0.200998999999683,0.999497000000702,NaN,NaN,NaN,"these are the three best X046 sessions, but there are a few others sorted.",X:\RATTER\PhysData\NP_sorted\Adrian\X046\X046_2019_09_23\X046_2019-09-23_g0_t0.imec0.ap_res.Cells.mat,14-Mar-2021 21:20:09,1
X046_2019_10_03,03-Oct-2019,X046,736200,18194823122,18,175,1.9,1.3,7.4,10,0,0,left,"ADS,FOF,NAc",249,0.545620437956204,77.1084337349398,1.501,0.208999999999833,0.997499999999491,NaN,NaN,NaN,"these are the three best X046 sessions, but there are a few others sorted.",X:\RATTER\PhysData\NP_sorted\Adrian\X046\X046_2019_10_03\X046_2019-10-03_g0_t0.imec0.ap_res.Cells.mat,14-Mar-2021 21:27:39,1
A243_2019_10_01,01-Oct-2019,A243,735685,18194824132,18,282,0.7,2.45,9,0,0,0,right,"GP,M1,Str2",396,0.228070175438596,66.1616161616162,1.50099999999995,0.208000000000084,0.99750199999994,NaN,NaN,NaN,"much better noise. still reduced the gain by half from the normal amount (250/125) but no saturation. this was probabl due to connecting rig to ground. but actually i think even better is just connecting floor grate to the rig. doing this for the ten min recordings was beautiful. bank 2 very quiet except for maybe th efirst ten chans.",X:\RATTER\PhysData\NP_sorted\Adrian\A243\A243_2019_10_01\2019-10-01_g0_imec0\spikesort_2019_10_09_13_11_47_ks2jrc\2019-10-01_g0_t0.imec0.ap_res.Cells.mat,10-Feb-2022 15:32:50,2
A243_2019_10_02,02-Oct-2019,A243,735979,18194824132,19,115,0.7,2.45,9,0,0,0,right,"Amyg,GP,PO,VP",346,0.421404682274247,64.7398843930636,1.50099999999995,0.200501000000031,0.995000000000118,NaN,NaN,NaN,"still so many cells and now somehow low noise! high trial count. but only 70% correct.",X:\RATTER\PhysData\NP_sorted\Adrian\A243\A243_2019_10_02\2019-10-02_g0\2019-10-02_g0_imec0\spikesort_2019_12_05_14_25_56_ks2jrc\2019-10-02_g0_t0.imec0.ap_res.Cells.mat,10-Feb-2022 15:16:04,2
A241_2019_10_09_01,09-Oct-2019,A241,737985,18194823631,28,158,0.7,2.15,10,2,0,0,right,"BNST,PO,Str2",139,0.437246963562753,77.6978417266187,1.2,0.211999999999534,0.99750000000131,NaN,NaN,NaN,"325 trials (85% correct)",X:\RATTER\PhysData\NP_sorted\Adrian\A241\A241_2019_10_09\2019-10-09_g0\2019-10-09_g0_imec1\spikesort_2019_12_02_11_58_08_ks2jrc\2019-10-09_g0_t0.imec1.ap_res.Cells.mat,21-Feb-2020 21:22:12,2
A241_2019_10_09_02,09-Oct-2019,A241,737985,18194823302,28,87,-0.6,4,10,-2,0,0,left,"Amyg,IC,S1,Str3",139,0.437246963562753,77.6978417266187,1.2,0.211999999999534,0.99750000000131,NaN,NaN,NaN,"325 trials (85% correct)",X:\RATTER\PhysData\NP_sorted\Adrian\A241\A241_2019_10_09\2019-10-09_g0\2019-10-09_g0_imec0\spikesort_2019_11_27_16_52_05_ks2jrc\2019-10-09_g0_t0.imec0.ap_res.Cells.mat,21-Feb-2020 18:19:46,3
A243_2019_10_09,09-Oct-2019,A243,737935,18194824132,26,257,0.7,2.45,9,0,0,0,right,"GP,M1,Str2",453,0.326894502228826,69.0949227373068,1.50099999999995,0.207000000000335,0.997501000000284,NaN,NaN,NaN,"his behavior seems to be getting slightly better (72-75%)",X:\RATTER\PhysData\NP_sorted\Adrian\A243\A243_2019_10_09\2019-10-09_g0_imec0\spikesort_2019_12_03_15_36_29_ks2jrc\2019-10-09_g0_t0.imec0.ap_res.Cells.mat,11-Feb-2022 12:26:45,2
A243_2019_10_08,08-Oct-2019,A243,737651,18194824132,25,160,0.7,2.45,9,0,0,0,right,"Amyg,GP,M1,PO,Str2,VP",300,0.402390438247012,64,1.50099999999995,0.203999999999951,0.996500000000196,NaN,NaN,NaN,"hig trial count, only 70% correct.",X:\RATTER\PhysData\NP_sorted\Adrian\A243\A243_2019_10_08\2019-10-08_g0\2019-10-08_g0_imec0\spikesort_2020_02_12_15_20_28_ks2jrc\2019-10-08_g0_t0.imec0.ap_res.Cells.mat,11-Feb-2022 12:22:51,2
A243_2019_10_10,10-Oct-2019,A243,738225,18194824132,27,108,0.7,2.45,9,0,0,0,right,"Amyg,GP,PO,VP",522,0.26993006993007,73.9463601532567,1.50099999999995,0.205496999999923,0.9975000000004,NaN,NaN,NaN,"both 1304 and 1615 headstages tested and passed with HST dongle. great behavior and trial count! tons of cells.",X:\RATTER\PhysData\NP_sorted\Adrian\A243\A243_2019_10_10\2019-10-10_g0\2019-10-10_g0_imec0\spikesort_2019_11_22_15_39_25_ks2jrc\2019-10-10_g0_t0.imec0.ap_res.Cells.mat,22-Feb-2020 19:45:43,2
A243_2019_10_29,29-Oct-2019,A243,743494,18194824132,46,188,0.7,2.45,9,0,0,0,right,"GP,M1,PO,Str2,VP",486,0.303724928366762,65.843621399177,1.50099999999995,0.207503999999972,0.997501000000284,NaN,NaN,NaN,"950 trials, 72% correct.",X:\RATTER\PhysData\NP_sorted\Adrian\A243\A243_2019_10_29\2019-10-29_g0\2019-10-29_g0_imec0\spikesort_2019_12_16_15_14_18_ks2jrc\2019-10-29_g0_t0.imec0.ap_res.Cells.mat,23-Feb-2020 21:58:08,2
A243_2019_11_01,01-Nov-2019,A243,744398,18194824132,49,88,0.7,2.45,9,0,0,0,right,"GP,M1,PO,Str2,VP",526,0.329081632653061,73.1939163498099,1.50099999999995,0.208000000000538,0.999500000000353,NaN,NaN,NaN,"1034, 78% correct but only channels 1-192 saved. last recording before probe broke with error 8 on 11/4/2019",X:\RATTER\PhysData\NP_sorted\Adrian\A243\A243_2019_11_01\2019-11-01_g0\2019-11-01_g0_imec0\spikesort_2019_12_12_13_25_21_ks2jrc\2019-11-01_g0_t0.imec0.ap_res.Cells.mat,23-Feb-2020 14:09:45,2
A241_2019_12_11,11-Dec-2019,A241,753483,18194823631,91,327,0.7,2.15,10,2,0,0,right,"BNST,PO,Str2",272,0.346153846153846,75.7352941176471,1.2,0.201495999999679,0.997502999999597,NaN,NaN,NaN,"80% correct, 500 trials",X:\RATTER\PhysData\NP_sorted\Adrian\A241\A241_2019_12_11\A241_2019_12_11_g0\spikesort_2020_04_15_01_08_11_ks2jrc\A241_2019_12_11_g0_t0.imec0.ap_res.Cells.mat,09-Nov-2020 18:30:22,2
A241_2020_01_14,14-Jan-2020,A241,760297,18194823631,125,78,0.7,2.15,10,2,0,0,right,"BNST,PO,Str2",278,0.382222222222222,71.2230215827338,1.2,0.205000000000155,0.997501000000284,NaN,NaN,NaN,"almost 600 trials and 76% correct and lots of cells. best session yet. drifty session with a very dense part that was not well sorted. checkerboard didn't help.",X:\RATTER\PhysData\NP_sorted\Adrian\A241\A241_2020_01_14\A241_2020_01_14_g0\spikesort_2020_02_18_17_48_08_ks2jrc\A241_2020_01_14_g0_t0.imec0.ap_res.Cells.mat,23-Feb-2020 20:44:35,2
A241_2020_01_22,22-Jan-2020,A241,762805,18194823631,133,137,0.7,2.15,10,2,0,0,right,"BNST,PO,Str2",211,0.379411764705882,77.2511848341232,1.2,0.207999999999629,0.997499999999491,NaN,NaN,NaN,"350 trials, good performance",X:\RATTER\PhysData\NP_sorted\Adrian\A241\A241_2020_01_22\A241_2020_01_22_g0\spikesort_2020_02_19_21_36_57_ks2jrc\A241_2020_01_22_g0_t0.imec0.ap_res.Cells.mat,20-Feb-2020 12:21:04,2
A241_2020_01_23,23-Jan-2020,A241,763087,18194823631,134,111,0.7,2.15,10,2,0,0,right,"BNST,PO,Str2",157,0.266355140186916,79.6178343949045,1.2,0.204000000000065,0.997499999999945,NaN,NaN,NaN,"around 200 trials, 79% correct.",X:\RATTER\PhysData\NP_sorted\Adrian\A241\A241_2020_01_23\A241_2020_01_23_g0\spikesort_2020_02_20_16_44_50_ks2jrc\A241_2020_01_23_g0_t0.imec0.ap_res.Cells.mat,20-Feb-2020 20:52:43,2
A249_2020_02_11,11-Feb-2020,A249,768938,18194819132,7,181,2.2,2.1,6.8,0,-5,0,right,"ADS,NAc",249,0.180921052631579,81.1244979919679,1.50099999999994,0.208000000000084,0.998512000000119,5,1,56,"good behavior and good recroding.",X:\RATTER\PhysData\NP_sorted\Adrian\A249\A249_2020_02_11\A249_2020_02_11_g0\spikesort_2020_02_13_16_20_07_ks2jrc\A249_2020_02_11_g0_t0.imec0.ap.artifact_removed_res.Cells.mat,13-Feb-2020 21:57:05,1
A249_2020_09_04,04-Sep-2020,A249,784371,18194819132,213,179,2.2,2.1,6.8,0,-5,0,right,"ADS,NAc",225,0.204946996466431,73.7777777777778,1.50099999999994,0.207999999999629,0.995999999999867,1,1,262,"~350 trials, 75% correct, low violations. no apparent signal dropouts. very nice session. 1mW!",X:\RATTER\PhysData\NP_sorted\Adrian\A249\A249_2020_09_04\A249_2020_09_04_g0\spikesort_2020_11_04_09_34_12_ks2jrc\A249_2020_09_04_g0_t0.imec0.ap.artifact_removed_res.Cells.mat,04-Nov-2020 14:46:58,1
A249_2020_09_07,07-Sep-2020,A249,784741,18194819132,216,186,2.2,2.1,6.8,0,-5,0,right,"ADS,NAc",201,0.133620689655172,76.6169154228856,1.50099999999994,0.201514000000088,0.9975000000004,5,1,265,"~300 trials, 75% correct, low violations. no apparent signal dropouts. very nice session. 5mW!",X:\RATTER\PhysData\NP_sorted\Adrian\A249\A249_2020_09_07\A249_2020_09_07_g0\spikesort_2020_11_04_09_35_48_ks2jrc\A249_2020_09_07_g0_t0.imec0.ap.artifact_removed_res.Cells.mat,04-Nov-2020 15:22:52,1
A256_2020_09_07,07-Sep-2020,A256,784742,18194819321,6,263,2.2,3.1,6.8,0,-5,0,right,"ADS,NAc",167,0.240909090909091,77.8443113772455,1.50099999999995,0.206003999999893,0.997483999999986,NaN,0,264,"plugged in opto but ITI wasn't long enough for it to ever stim. so just a phys session. good behavior and trial count!",X:\RATTER\PhysData\NP_sorted\Adrian\A256\A256_2020_09_07\A256_2020_09_07_g0\spikesort_2020_11_09_11_15_53_ks2jrc\A256_2020_09_07_g0_t0.imec0.ap.artifact_removed_res.Cells.mat,10-Nov-2020 10:05:47,1
A249_2020_09_09,09-Sep-2020,A249,785000,18194819132,218,194,2.2,2.1,6.8,0,-5,0,right,"ADS,NAc",207,0.175298804780877,75.8454106280193,1.50099999999994,0.201000000000022,0.998000999999931,5,1,267,"~300 trials, 75% correct, low violations. no apparent signal dropouts. very nice session. 5mW!",X:\RATTER\PhysData\NP_sorted\Adrian\A249\A249_2020_09_09\A249_2020_09_09_g0\spikesort_2020_11_05_10_31_44_ks2jrc\A249_2020_09_09_g0_t0.imec0.ap.artifact_removed_res.Cells.mat,05-Nov-2020 13:19:47,1
A249_2020_09_11,11-Sep-2020,A249,785272,18194819132,220,191,2.2,2.1,6.8,0,-5,0,right,"ADS,NAc",234,0.176056338028169,73.5042735042735,1.50099999999994,0.227486000001591,0.995000000000118,5,1,269,"~300 trials, 75% correct, low violations. no apparent signal dropouts. very nice session. 5mW!",X:\RATTER\PhysData\NP_sorted\Adrian\A249\A249_2020_09_11\A249_2020_09_11_g0\spikesort_2020_11_05_12_07_24_ks2jrc\A249_2020_09_11_g0_t0.imec0.ap.artifact_removed_res.Cells.mat,05-Nov-2020 14:52:10,1
A256_2020_09_11,11-Sep-2020,A256,785275,18194819321,10,242,2.2,3.1,6.8,0,-5,0,right,"ADS,NAc",220,0.185185185185185,80,1.50099999999995,0.205999999999904,0.997506000000158,5,1,268,"350 trials, 79% correct. 3mW after trial 25, lowered from 5mW. great tagging sessin.",X:\RATTER\PhysData\NP_sorted\Adrian\A256\A256_2020_09_11\A256_2020_09_11_g0\spikesort_2020_11_10_10_15_43_ks2jrc\A256_2020_09_11_g0_t0.imec0.ap.artifact_removed_res.Cells.mat,10-Nov-2020 13:14:42,1
A249_2020_09_18,18-Sep-2020,A249,786254,18194819132,227,216,2.2,2.1,6.8,0,-5,0,right,"ADS,NAc",245,0.152249134948097,73.0612244897959,1.50099999999994,0.205993999999919,0.997499999999945,5,1,276,"400 trials, 75% correct. good session, with tagging. 5mW.",X:\RATTER\PhysData\NP_sorted\Adrian\A249\A249_2020_09_18\A249_2020_09_18_g0\spikesort_2020_10_29_15_05_02_ks2jrc\A249_2020_09_18_g0_t0.imec0.ap.artifact_removed_res.Cells.mat,30-Oct-2020 09:49:57,1
A256_2020_09_18,18-Sep-2020,A256,786258,18194819321,17,349,2.2,3.1,6.8,0,-5,0,right,"ADS,NAc",267,0.214705882352941,77.5280898876404,1.50099999999995,0.213498000000072,0.998000000000047,5,1,275,"442 trials, 77% correct.",X:\RATTER\PhysData\NP_sorted\Adrian\A256\A256_2020_09_18\A256_2020_09_18_g0\spikesort_2020_11_17_14_26_17_ks2jrc\A256_2020_09_18_g0_t0.imec0.ap.artifact_removed_res.Cells.mat,18-Nov-2020 11:46:06,1
A256_2020_09_21,21-Sep-2020,A256,786682,18194819321,20,398,2.2,3.1,6.8,0,-5,0,right,"ADS,NAc",318,0.171875,73.8993710691824,1.50099999999995,0.210508000000118,0.997499999999945,5,1,278,"499 trials, 76% correct.",X:\RATTER\PhysData\NP_sorted\Adrian\A256\A256_2020_09_21\A256_2020_09_21_g0\spikesort_2020_11_19_13_40_23_ks2jrc\A256_2020_09_21_g0_t0.imec0.ap.artifact_removed_res.Cells.mat,25-Nov-2020 11:18:02,1
A249_2020_09_23,23-Sep-2020,A249,786975,18194819132,232,191,2.2,2.1,6.8,0,-5,0,right,"ADS,NAc",184,0.136150234741784,78.2608695652174,1.50099999999994,0.203498999999965,0.998999999999796,5,1,281,"first day trying tape over ZIF. tape came loose after an hour, had to distrupt him to refasten. caught his tail in the door. still did well. first day with timestamp syncing. 3ms pulse duration, 1s period, 16 bits, 2V.",X:\RATTER\PhysData\NP_sorted\Adrian\A249\A249_2020_09_23\A249_2020_09_23_g0\spikesort_2020_10_29_15_02_40_ks2jrc\A249_2020_09_23_g0_t0.imec0.ap.artifact_removed_res.Cells.mat,30-Oct-2020 11:29:38,1
A256_2020_09_23,23-Sep-2020,A256,786978,18194819321,22,398,2.2,3.1,6.8,0,-5,0,right,"ADS,NAc",332,0.180246913580247,78.3132530120482,1.50099999999995,0.199999999999818,0.999499999999898,5,0,280,"first day trying tape over ZIF. tape came loose after an hour, had to distrupt him to refasten. first day with timestamp syncing. 3ms pulse duration, 1s period, 16 bits, 2V. 500 trials, 80% correct. great behavioral session.there are NO LASER ARTIFACTS THIS SESSION AND NO TAGGED CELLS. LASER WAS SOMEHOW NOT ACTUALLY BEING DELIVERED. I DON'T KNOW WHY.",X:\RATTER\PhysData\NP_sorted\Adrian\A256\A256_2020_09_23\A256_2020_09_23_g0\spikesort_2020_11_17_08_01_56_ks2jrc\A256_2020_09_23_g0_t0.imec0.ap.artifact_removed_res.Cells.mat,18-Nov-2020 13:42:38,1
A249_2020_09_25,25-Sep-2020,A249,787269,18194819132,234,198,2.2,2.1,6.8,0,-5,0,right,"ADS",304,0.113702623906706,72.3684210526316,1.50099999999994,0.205508000000009,0.997500000000173,1,1,283,"up until now, was using 5mW. today tried 1mW.",X:\RATTER\PhysData\NP_sorted\Adrian\A249\A249_2020_09_25\A249_2020_09_25_g0\spikesort_2020_11_18_09_57_50_ks2jrc\A249_2020_09_25_g0_t0.imec0.ap.artifact_removed_res.Cells.mat,19-Nov-2020 13:24:34,1
A256_2020_09_28,28-Sep-2020,A256,787674,18194819321,27,368,2.2,3.1,6.8,0,-5,0,right,"ADS,NAc",260,0.277777777777778,79.6153846153846,1.50099999999995,0.215000000000146,0.99750000000131,10,1,285,"10mW today.",X:\RATTER\PhysData\NP_sorted\Adrian\A256\A256_2020_09_28\A256_2020_09_28_g0\spikesort_2020_11_23_09_09_42_ks2jrc\A256_2020_09_28_g0_t0.imec0.ap.artifact_removed_res.Cells.mat,25-Nov-2020 14:47:22,1
A249_2020_10_07,07-Oct-2020,A249,789021,18194819132,246,174,2.2,2.1,6.8,0,-5,0,right,"ADS",241,0.168965517241379,73.0290456431535,1.50099999999994,0.203999999999724,0.997516999999789,5,1,295,"5mW good taggig session. lots of trials, 74% correct.",X:\RATTER\PhysData\NP_sorted\Adrian\A249\A249_2020_10_07\A249_2020_10_07_g0\spikesort_2020_12_10_08_46_23_ks2jrc\A249_2020_10_07_g0_t0.imec0.ap.artifact_removed_res.Cells.mat,10-Dec-2020 14:10:41,1
A256_2020_10_07,07-Oct-2020,A256,789024,18194819321,36,566,2.2,3.1,6.8,0,-5,0,right,"ADS,NAc",237,0.222950819672131,83.1223628691983,1.50099999999995,0.217499999999973,0.99750000000131,5,1,294,"5mW, great tagging session. 81% correct. lots of trials.",X:\RATTER\PhysData\NP_sorted\Adrian\A256\A256_2020_10_07\A256_2020_10_07_g0\spikesort_2020_12_09_15_47_58_ks2jrc\A256_2020_10_07_g0_t0.imec0.ap.artifact_removed_res.Cells.mat,10-Dec-2020 16:23:04,1
A249_2020_10_14,14-Oct-2020,A249,789925,18194819132,253,161,2.2,2.1,6.8,0,-5,0,right,"ADS",243,0.116363636363636,74.8971193415638,1.50099999999994,0.227990000001228,0.998505000000023,5,1,302,"5mW tagging, didn't see much evidence for laser on neurons. maybe ferrule connection wasn't great. but his performance seems to be creeping back up. 74% today.",X:\RATTER\PhysData\NP_sorted\Adrian\A249\A249_2020_10_14\A249_2020_10_14_g0\spikesort_2021_01_08_17_50_25_ks2jrc\A249_2020_10_14_g0_t0.imec0.ap.artifact_removed_res.Cells.mat,12-Jan-2021 10:57:31,1
A256_2020_10_14,14-Oct-2020,A256,789928,18194819321,43,523,2.2,3.1,6.8,0,-5,0,right,"ADS,NAc",276,0.153374233128834,80.7971014492754,1.50099999999995,0.220510000000104,0.99800200000027,5,1,301,"5mW, great tagging session. ",X:\RATTER\PhysData\NP_sorted\Adrian\A256\A256_2020_10_14\A256_2020_10_14_g0\spikesort_2021_01_05_12_48_01_ks2jrc\A256_2020_10_14_g0_t0.imec0.ap.artifact_removed_res.Cells.mat,06-Jan-2021 11:41:40,1
A256_2020_10_30,30-Oct-2020,A256,792246,18194819321,59,548,2.2,3.1,6.8,0,-5,0,right,"ADS,NAc",276,0.166163141993958,81.1594202898551,1.50099999999995,0.208993000000191,0.998000000000047,5,1,317,"5mW, great tagging session. 81% correct. lots of trials.",X:\RATTER\PhysData\NP_sorted\Adrian\A256\A256_2020_10_30\A256_2020_10_30_g0\spikesort_2021_01_06_11_40_48_ks2jrc\A256_2020_10_30_g0_t0.imec0.ap.artifact_removed_res.Cells.mat,08-Jan-2021 11:20:14,1
A256_2020_11_05,05-Nov-2020,A256,793017,18194819321,65,473,2.2,3.1,6.8,0,-5,0,right,"ADS,NAc",310,0.116809116809117,77.741935483871,1.50099999999995,0.209498000000167,0.997999000001073,5,1,323,"great tagging session. good behavior and trial count. 5mW.",X:\RATTER\PhysData\NP_sorted\Adrian\A256\A256_2020_11_05\A256_2020_11_05_g0\spikesort_2020_12_11_09_02_30_ks2jrc\A256_2020_11_05_g0_t0.imec0.ap.artifact_removed_res.Cells.mat,11-Dec-2020 15:01:42,1
A256_2020_11_09,09-Nov-2020,A256,793605,18194819321,69,454,2.2,3.1,6.8,0,-5,0,right,"ADS,NAc",245,0.236760124610592,84.8979591836735,1.50099999999995,0.203012999999828,0.997511999999915,5,1,327,"great tagging session. good behavior and trial count. 5mW.",X:\RATTER\PhysData\NP_sorted\Adrian\A256\A256_2020_11_09\A256_2020_11_09_g0\spikesort_2020_12_08_09_02_47_ks2jrc\A256_2020_11_09_g0_t0.imec0.ap.artifact_removed_res.Cells.mat,05-Jan-2021 14:32:15,1
A294_2021_06_18_01,18-Jun-2021,A294,820602,19076606882,9,33,-2.1,5,7,5,0,0,right,"Amyg,TS",205,0.159836065573771,71.219512195122,1.5,0.207498000000214,0.98850400000083,NaN,0,NaN,"76% correect, 300 trials. ",X:\RATTER\PhysData\NP_sorted\Adrian\A294\A294_2021_06_18_01\A294_2021_06_18_01_g0\spikesort_2021_09_13_16_00_31_ks2jrc\A294_2021_06_18_01_g0_t0.imec0.ap_res.Cells.mat,20-Dec-2021 17:01:33,4
A294_2021_06_21_01,21-Jun-2021,A294,821121,19076606882,12,26,-2.1,5,7,5,0,0,right,"Amyg,TS",200,0.107142857142857,69,1.5,0.213003999999955,0.992504000000054,NaN,0,NaN,"74% correect, 300 trials. ",X:\RATTER\PhysData\NP_sorted\Adrian\A294\A294_2021_06_21_01\A294_2021_06_21_01_g0\spikesort_2021_09_13_17_40_42_ks2jrc\A294_2021_06_21_01_g0_t0.imec0.ap_res.Cells.mat,20-Dec-2021 17:06:16,4
A294_2021_06_21_02,21-Jun-2021,A294,821121,18194819132,12,80,2,1,7,12,0,0,right,"ADS",199,0.10762331838565,68.8442211055276,1.5,0.213003999999955,0.992504000000054,NaN,0,NaN,"74% correect, 300 trials. ADS recorded",X:\RATTER\PhysData\NP_sorted\Adrian\A294\A294_2021_06_21_02\A294_2021_06_21_02_g0\spikesort_2021_06_29_16_37_59_ks2jrc\A294_2021_06_21_02_g0_t0.imec0.ap_res.Cells.mat,20-Dec-2021 16:58:25,1
A294_2021_06_27_01,27-Jun-2021,A294,822003,19076606882,18,33,-2.1,5,7,5,0,0,right,"Amyg,TS",171,0.165853658536585,67.8362573099415,1.5,0.222498999999971,0.982989999999972,NaN,0,NaN,"good day of recording. 74% correect, 350 trials. fifo queue overflow means TS probe had the last couple dozen trials cut off. yields very low.",X:\RATTER\PhysData\NP_sorted\Adrian\A294\A294_2021_06_27_01\A294_2021_06_27_01_g0\spikesort_2021_09_15_09_56_59_ks2jrc\A294_2021_06_27_01_g0_t0.imec0.ap_res.Cells.mat,15-Sep-2021 10:21:42,4
A294_2021_06_27_02,27-Jun-2021,A294,822003,18194819132,18,78,2,1,7,12,0,0,right,"ADS",214,0.1640625,70.0934579439252,1.5,0.222498999999971,0.982989999999972,NaN,0,NaN,"good day of recording. 74% correect, 350 trials. fifo queue overflow means TS probe had the last couple dozen trials cut off. yields def getting low. ADS probe had a lot of axon looking spikes on the superficial channels.",X:\RATTER\PhysData\NP_sorted\Adrian\A294\A294_2021_06_27_02\A294_2021_06_27_02_g0\spikesort_2021_09_15_10_28_05_ks2jrc\A294_2021_06_27_02_g0_t0.imec0.ap_res.Cells.mat,15-Sep-2021 11:26:06,1
A294_2021_06_29_01,29-Jun-2021,A294,822388,19076606882,20,18,-2.1,5,7,5,0,0,right,"Amyg,TS",281,0.180758017492711,64.7686832740214,1.5,0.201998999999887,0.999496999998883,NaN,0,NaN,"70% correct and >400 trials. yields low. had nest cam set up on rig so restarted recording after fifo errors. several runs.",X:\RATTER\PhysData\NP_sorted\Adrian\A294\A294_2021_06_29_01\supercat_A294_2021_06_29_01_g0\spikesort_2021_09_10_14_22_35_ks2jrc\A294_2021_06_29_01_g0_tcat.imec0.ap_res.Cells.mat,21-Dec-2021 13:35:05,4
A294_2021_06_29_02,29-Jun-2021,A294,822388,18194819132,20,56,2,1,7,12,0,0,right,"ADS,FOF",292,0.182072829131653,65.0684931506849,1.5,0.201998999999887,0.999496999998883,NaN,0,NaN,"70% correct and >400 trials. yields low.",X:\RATTER\PhysData\NP_sorted\Adrian\A294\A294_2021_06_29_02\A294_2021_06_29_02_g0\spikesort_2021_09_14_17_06_16_ks2jrc\A294_2021_06_29_02_g0_t0.imec0.ap_res.Cells.mat,21-Dec-2021 13:33:13,1
A294_2021_06_30_01,30-Jun-2021,A294,822550,19076606882,21,27,-2.1,5,7,5,0,0,right,"Amyg,TS",258,0.167741935483871,75.1937984496124,1.5,0.215999000000011,0.99450300000035,NaN,0,NaN,"best day yet behavior wise. 78% correct and >400 trials. yields low. had nest cam set up on rig so restarted recording after fifo errors. several runs.",X:\RATTER\PhysData\NP_sorted\Adrian\A294\A294_2021_06_30_01\supercat_A294_2021_06_30_01_g0\spikesort_2021_07_09_12_55_10_ks2jrc\A294_2021_06_30_01_g0_tcat.imec0.ap_res.Cells.mat,21-Dec-2021 13:36:41,4
A294_2021_06_30_02,30-Jun-2021,A294,822550,18194819132,21,61,2,1,7,12,0,0,right,"ADS",273,0.172727272727273,75.8241758241758,1.5,0.215999000000011,0.994510000000446,NaN,0,NaN,"best day yet behavior wise. 78% correct and >400 trials. yields low.",X:\RATTER\PhysData\NP_sorted\Adrian\A294\A294_2021_06_30_02\A294_2021_06_30_02_g0\spikesort_2021_09_14_15_26_37_ks2jrc\A294_2021_06_30_02_g0_t0.imec0.ap_res.Cells.mat,21-Dec-2021 13:39:29,1
A297_2021_07_18_01,18-Jul-2021,A297,825513,18194819321,4,250,2,1,7,12,0,0,right,"ADS",202,0.232209737827715,70.2970297029703,1.50099999999995,0.206496000000698,0.999009000001024,NaN,0,NaN,"first day recording with behavior. 74% correct, ~350 trials.",X:\RATTER\PhysData\NP_sorted\Adrian\A297\A297_2021_07_18_01\A297_2021_07_18_01_g0\spikesort_2021_09_16_14_10_11_ks2jrc\A297_2021_07_18_01_g0_t0.imec0.ap_res.Cells.mat,28-Oct-2021 19:20:10,1
A297_2021_07_18_02,18-Jul-2021,A297,825513,19076606841,4,106,-2.1,5,7,5,0,0,right,"Amyg,TS",202,0.232209737827715,70.2970297029703,1.50099999999995,0.206496000000698,0.999009000001024,NaN,0,NaN,"first day recording with behavior. 74% correct, ~350 trials.",X:\RATTER\PhysData\NP_sorted\Adrian\A297\A297_2021_07_18_02\A297_2021_07_18_02_g0\spikesort_2021_12_21_17_08_25_ks2jrc\A297_2021_07_18_02_g0_t0.imec0.ap_res.Cells.mat,21-Dec-2021 19:37:46,4
A297_2021_07_25_01,25-Jul-2021,A297,826311,18194819321,11,305,2,1,7,12,0,0,right,"ADS",459,0.145251396648045,68.8453159041394,1.50099999999995,0.217999999999847,0.998495000000275,NaN,0,NaN,"fixed rig, did decent number of trials with mediocre behavior (~69% correct w/o FC and sideLED)",X:\RATTER\PhysData\NP_sorted\Adrian\A297\A297_2021_07_25_01\A297_2021_07_25_01_g0\spikesort_2021_10_26_14_08_03_ks2jrc\A297_2021_07_25_01_g0_t0.imec0.ap_res.Cells.mat,26-Oct-2021 20:31:11,1
A297_2021_07_25_02,25-Jul-2021,A297,826311,19076606841,11,9,-2.1,5,7,5,0,0,right,"TS",394,0.145336225596529,70.0507614213198,1.50099999999995,0.217999999999847,0.998495000000275,NaN,0,NaN,"fixed rig, did decent number of trials with mediocre behavior (~69% correct w/o FC and sideLED)",X:\RATTER\PhysData\NP_sorted\Adrian\A297\A297_2021_07_25_02\A297_2021_07_25_02_g0\spikesort_2021_09_23_16_56_40_ks2jrc\A297_2021_07_25_02_g0_t0.imec0.ap_res.Cells.mat,23-Sep-2021 17:40:38,4
A297_2021_07_19_01,19-Jul-2021,A297,825669,18194819321,5,271,2,1,7,12,0,0,right,"ADS,FOF",200,0.243445692883895,82,1.50099999999995,0.200477000000319,0.997495000000526,NaN,0,NaN,"407 trials, 76% correct. v good session. checkerboard for both ADS and FOF.",X:\RATTER\PhysData\NP_sorted\Adrian\A297\A297_2021_07_19_01\A297_2021_07_19_01_g0\spikesort_2021_09_21_20_47_59_ks2jrc\A297_2021_07_19_01_g0_t0.imec0.ap_res.Cells.mat,22-Sep-2021 14:09:22,1
A297_2021_07_19_02,19-Jul-2021,A297,825669,19076606841,5,90,-2.1,5,7,5,0,0,right,"Amyg,TS",200,0.243445692883895,82,1.50099999999995,0.200477000000319,0.997495000000526,NaN,0,NaN,"407 trials, 76% correct. v good session. ",X:\RATTER\PhysData\NP_sorted\Adrian\A297\A297_2021_07_19_02\A297_2021_07_19_02_g0\spikesort_2021_09_21_16_19_19_ks2jrc\A297_2021_07_19_02_g0_t0.imec0.ap_res.Cells.mat,21-Sep-2021 20:38:21,4
A295_2021_10_04_02,04-Oct-2021,A295,835962,18194819132,5,67,-0.4,4,7,-2,0,0,right,"Str3",171,0.197183098591549,76.6081871345029,1.50099999999995,0.210498000000371,0.9909889999999,NaN,NaN,NaN,"actually decent trial count and behavior in the end (~300 trials, 76% correct). the rig 202 acq system kept crapping out so no data from ""01"" is useable. multiple sessions from ""02"" should be concatenated because stopped recording once to deal with other acquisition system.",X:\RATTER\PhysData\NP_sorted\Adrian\A295\A295_2021_10_04_02\supercat_A295_2021_10_04_02_g0\spikesort_2022_02_07_17_02_39_ks2jrc\A295_2021_10_04_02_g0_tcat.imec0.ap_res.Cells.mat,07-Feb-2022 18:23:40,3
A295_2021_10_05,05-Oct-2021,A295,836030,19076606882,6,151,-0.4,4,7,-2,0,0,left,"Str3",239,0.104868913857678,78.2426778242678,1.50099999999995,0.22500500000001,0.99349600000005,NaN,NaN,NaN,">300 trials, 77% correct. recorded only left probe (one with lots of cells).",X:\RATTER\PhysData\NP_sorted\Adrian\A295\A295_2021_10_05\A295_2021_10_05_g0\spikesort_2022_02_04_15_12_35_ks2jrc\A295_2021_10_05_g0_t0.imec0.ap_res.Cells.mat,04-Feb-2022 19:33:44,3
A295_2021_10_07_02,07-Oct-2021,A295,836228,19076606882,8,131,-0.4,4,7,-2,0,0,left,"Str3",191,0.194092827004219,69.1099476439791,1.50099999999995,0.219010999999909,0.996499999999969,NaN,NaN,NaN,">300 trials, ~70% correct. useable barely. recorded both probes, with 3b1 and 3b2 mixes. supercat on _02 because FPGA had fifo overflow.",X:\RATTER\PhysData\NP_sorted\Adrian\A295\A295_2021_10_07_02\supercat_A295_2021_10_07_02_g0\spikesort_2021_10_27_12_33_27_ks2jrc\A295_2021_10_07_02_g0_tcat.imec0.ap_res.Cells.mat,27-Oct-2021 19:13:27,3
A295_2021_10_07_01,07-Oct-2021,A295,836228,18194819132,8,28,-0.4,4,7,-2,0,0,right,"Str3",205,0.189723320158103,68.2926829268293,1.50099999999995,0.219010999999909,0.996499999999969,NaN,NaN,NaN,">300 trials, ~70% correct. useable barely. recorded both probes, with 3b1 and 3b2 mixes. supercat on _02 because FPGA had fifo overflow. left probe with lots of cells is on _02.",X:\RATTER\PhysData\NP_sorted\Adrian\A295\A295_2021_10_07_01\A295_2021_10_07_01_g0\spikesort_2021_10_28_15_49_50_ks2jrc\A295_2021_10_07_01_g0_t0.imec0.ap_res.Cells.mat,28-Oct-2021 18:48:39,3
A295_2021_10_13_01,13-Oct-2021,A295,836979,18194819132,14,25,-0.4,4,7,-2,0,0,right,"Str3",285,0.0981012658227848,77.5438596491228,1.50099999999995,0.23349700000017,0.996001999999862,NaN,NaN,NaN,">400 trials, 77% correct. quite good session. recorded both probes, with 3b1 and 3b2 mixes. supercat on _02 because stopped acquiring samples (screen froze). left probe with lots of cells is on _02. almost no cells left on right probe (_01) but amazingly many on left probe for two weeks after (_02). this is first session after long weekend away.",X:\RATTER\PhysData\NP_sorted\Adrian\A295\A295_2021_10_13_01\A295_2021_10_13_01_g0\spikesort_2022_02_05_18_02_24_ks2jrc\A295_2021_10_13_01_g0_t0.imec0.ap_res.Cells.mat,05-Feb-2022 20:50:53,3
A295_2021_10_13_02,13-Oct-2021,A295,836979,19076606882,14,114,-0.4,4,7,-2,0,0,left,"Str3",268,0.100671140939597,76.865671641791,1.50099999999995,0.23349700000017,0.996001999999862,NaN,NaN,NaN,">400 trials, 77% correct. quite good session. recorded both probes, with 3b1 and 3b2 mixes. supercat on _02 because stopped acquiring samples (screen froze). left probe with lots of cells is on _02. almost no cells left on right probe (_01) but amazingly many on left probe for two weeks after (_02). this is first session after long weekend away.",X:\RATTER\PhysData\NP_sorted\Adrian\A295\A295_2021_10_13_02\supercat_A295_2021_10_13_02_g0\spikesort_2022_02_07_10_24_03_ks2jrc\A295_2021_10_13_02_g0_tcat.imec0.ap_res.Cells.mat,07-Feb-2022 14:29:16,3
A295_2021_10_14_01,14-Oct-2021,A295,837109,18194819132,15,25,-0.4,4,7,-2,0,0,right,"Str3",202,0.158333333333333,72.7722772277228,1.50099999999995,0.206995000000006,0.992499999999836,NaN,NaN,NaN,"~300 trials, 73% correct. recorded both probes, with 3b1 and 3b2 mixes. ",X:\RATTER\PhysData\NP_sorted\Adrian\A295\A295_2021_10_14_01\A295_2021_10_14_01_g0\spikesort_2022_02_07_18_29_48_ks2jrc\A295_2021_10_14_01_g0_t0.imec0.ap_res.Cells.mat,07-Feb-2022 19:44:41,3
A295_2021_10_14_02,14-Oct-2021,A295,837109,19076606882,15,108,-0.4,4,7,-2,0,0,left,"Str3",202,0.158333333333333,72.7722772277228,1.50099999999995,0.206995000000006,0.992499999999836,NaN,NaN,NaN,"~300 trials, 73% correct. recorded both probes, with 3b1 and 3b2 mixes. ",X:\RATTER\PhysData\NP_sorted\Adrian\A295\A295_2021_10_14_02\A295_2021_10_14_02_g0\spikesort_2022_02_07_19_06_22_ks2jrc\A295_2021_10_14_02_g0_t0.imec0.ap_res.Cells.mat,08-Feb-2022 14:37:26,3
A295_2021_10_18_01,18-Oct-2021,A295,837827,18194819132,19,29,-0.4,4,7,-2,0,0,right,"Str3",304,0.118840579710145,77.9605263157895,1.50099999999995,0.20350099999996,0.990005999999994,NaN,NaN,NaN,"~350 trials, 77% correct. recorded both probes, with 3b1 and 3b2 mixes. ",X:\RATTER\PhysData\NP_sorted\Adrian\A295\A295_2021_10_18_01\A295_2021_10_18_01_g0\spikesort_2022_02_04_13_55_07_ks2jrc\A295_2021_10_18_01_g0_t0.imec0.ap_res.Cells.mat,04-Feb-2022 14:32:18,3
A295_2021_10_18_02,18-Oct-2021,A295,837827,19076606882,19,80,-0.4,4,7,-2,0,0,left,"Str3",303,0.119186046511628,78.2178217821782,1.50099999999995,0.20350099999996,0.990005999999994,NaN,NaN,NaN,"~350 trials, 77% correct. recorded both probes, with 3b1 and 3b2 mixes. ",X:\RATTER\PhysData\NP_sorted\Adrian\A295\A295_2021_10_18_02\A295_2021_10_18_02_g0\spikesort_2022_02_04_17_22_37_ks2jrc\A295_2021_10_18_02_g0_t0.imec0.ap_res.Cells.mat,04-Feb-2022 19:51:30,3
A295_2021_10_20_01,20-Oct-2021,A295,838193,18194819132,21,26,-0.4,4,7,-2,0,0,right,"Str3",214,0.122950819672131,77.5700934579439,1.50099999999995,0.229000000001179,0.980999999999767,NaN,NaN,NaN,"~400 trials, 77% correct. recorded both probes, with 3b1 and 3b2 mixes. ",X:\RATTER\PhysData\NP_sorted\Adrian\A295\A295_2021_10_20_01\A295_2021_10_20_01_g0\spikesort_2022_02_08_14_53_31_ks2jrc\A295_2021_10_20_01_g0_t0.imec0.ap_res.Cells.mat,08-Feb-2022 20:03:12,3
A295_2021_10_20_02,20-Oct-2021,A295,838193,19076606882,21,114,-0.4,4,7,-2,0,0,left,"Str3",214,0.122950819672131,77.5700934579439,1.50099999999995,0.229000000001179,0.980999999999767,NaN,NaN,NaN,"~400 trials, 77% correct. recorded both probes, with 3b1 and 3b2 mixes. ",X:\RATTER\PhysData\NP_sorted\Adrian\A295\A295_2021_10_20_02\A295_2021_10_20_02_g0\spikesort_2022_02_08_20_11_11_ks2jrc\A295_2021_10_20_02_g0_t0.imec0.ap_res.Cells.mat,09-Feb-2022 11:05:22,3
A295_2021_10_21_01,21-Oct-2021,A295,838421,18194819132,22,24,-0.4,4,7,-2,0,0,right,"Str3",344,0.144278606965174,80.5232558139535,1.50099999999995,0.200511000000006,0.994506000000001,NaN,NaN,NaN,"~450 trials, 80% correct. recorded both probes, with 3b1 and 3b2 mixes. best behavior yet. put new ports on with chew guards. licking artifact on right port only. saturated ADC occasionally.",X:\RATTER\PhysData\NP_sorted\Adrian\A295\A295_2021_10_21_01\A295_2021_10_21_01_g0\spikesort_2022_02_09_11_20_52_ks2jrc\A295_2021_10_21_01_g0_t0.imec0.ap_res.Cells.mat,09-Feb-2022 12:28:52,3
A295_2021_10_21_02,21-Oct-2021,A295,838421,19076606882,22,93,-0.4,4,7,-2,0,0,left,"Str3",344,0.144278606965174,80.5232558139535,1.50099999999995,0.200511000000006,0.994506000000001,NaN,NaN,NaN,"~450 trials, 80% correct. recorded both probes, with 3b1 and 3b2 mixes. best behavior yet. put new ports on with chew guards. licking artifact on right port only. saturated ADC occasionally.",X:\RATTER\PhysData\NP_sorted\Adrian\A295\A295_2021_10_21_02\A295_2021_10_21_02_g0\spikesort_2022_02_09_12_34_25_ks2jrc\A295_2021_10_21_02_g0_t0.imec0.ap_res.Cells.mat,09-Feb-2022 15:40:39,3
T219_2019_12_03,03-Dec-2019,T219,751227,18194824092,16,359,1,2.4,8,0,15,0,left,"ADS,M1,NAc",397,0.115812917594655,78.5894206549118,1.50099999999995,0.201000000000022,0.993000999999822,NaN,NaN,NaN,,X:\RATTER\PhysData\NP_sorted\Adrian\T219\T219_2019_12_03\T219_2019_12_03_Cells.mat,07-Apr-2021 18:04:47,1
T219_2019_12_05,05-Dec-2019,T219,751666,18194824092,18,323,1,2.4,8,0,15,0,left,"ADS,M1,NAc",455,0.133333333333333,83.2967032967033,1.50099999999995,0.202496999999312,0.999500000000012,NaN,NaN,NaN,,X:\RATTER\PhysData\NP_sorted\Adrian\T219\T219_2019_12_05\T219_2019_12_05_Cells.mat,07-Apr-2021 18:14:44,1
T219_2019_12_09,09-Dec-2019,T219,752868,18194824092,22,339,1,2.4,8,0,15,0,left,"ADS,M1,NAc",545,0.0991735537190083,81.2844036697248,1.50099999999995,0.201504999999997,0.995500000000902,NaN,NaN,NaN,,X:\RATTER\PhysData\NP_sorted\Adrian\T219\T219_2019_12_09\T219_2019_12_09_Cells.mat,06-Jun-2020 10:07:39,1
T219_2019_12_20,20-Dec-2019,T219,756129,18194824092,33,371,1,2.4,8,0,15,0,left,"ADS,M1,NAc",490,0.172297297297297,82.4489795918367,1.50099999999995,0.199999000000389,0.993000000000393,NaN,NaN,NaN,,X:\RATTER\PhysData\NP_sorted\Adrian\T219\T219_2019_12_20\T219_2019_12_20_Cells.mat,07-Apr-2021 19:07:46,1
A324_2023_07_20_0,20-Jul-2023,A324,922457,19108318122,10,391,1.9,3,7.6,-10,0,1,right,"ADS,CC,M1,NAc",780,0.144736842105263,86.7948717948718,1.50099999999995,0.201505000000907,0.998997999999119,NaN,0,NaN,"fantastic session. 801 non-violation trials with excellent psychometrics, all eight probes recorded successfully.",X:\RATTER\PhysData\NP_sorted\UberPhys\A324\A324_2023_07_20_g0\A324_2023_07_20_g0_imec0\spikesort_2023_10_12_12_22_47_ks2jrc\A324_2023_07_20_g0_tcat.imec0.ap_not_curated.Cells.mat,12-Oct-2023 14:28:57,1
A324_2023_07_20_1,20-Jul-2023,A324,922457,19108313611,10,212,-2,5,6.8,5,0,1,right,"S1,TS",780,0.144736842105263,86.7948717948718,1.50099999999995,0.201505000000907,0.998997999999119,NaN,0,NaN,"fantastic session. 801 non-violation trials with excellent psychometrics, all eight probes recorded successfully.",X:\RATTER\PhysData\NP_sorted\UberPhys\A324\A324_2023_07_20_g0\A324_2023_07_20_g0_imec1\spikesort_2023_10_12_12_22_47_ks2jrc\A324_2023_07_20_g0_tcat.imec1.ap_not_curated.Cells.mat,12-Oct-2023 14:48:55,4
A324_2023_07_20_3,20-Jul-2023,A324,922457,19108313171,10,440,1.9,3,7.6,-10,0,1,left,"ADS,CC,M1,NAc",780,0.144736842105263,86.7948717948718,1.50099999999995,0.201505000000907,0.998997999999119,NaN,0,NaN,"fantastic session. 801 non-violation trials with excellent psychometrics, all eight probes recorded successfully.",X:\RATTER\PhysData\NP_sorted\UberPhys\A324\A324_2023_07_20_g0\A324_2023_07_20_g0_imec3\spikesort_2023_10_12_12_22_47_ks2jrc\A324_2023_07_20_g0_tcat.imec3.ap_not_curated.Cells.mat,12-Oct-2023 14:09:24,1
A324_2023_07_20_6,20-Jul-2023,A324,922457,19108311732,10,479,-2,5,7.6,5,0,1,left,"GP,TS",780,0.144736842105263,86.7948717948718,1.50099999999995,0.201505000000907,0.998997999999119,NaN,0,NaN,"fantastic session. 801 non-violation trials with excellent psychometrics, all eight probes recorded successfully.",X:\RATTER\PhysData\NP_sorted\UberPhys\A324\A324_2023_07_20_g0\A324_2023_07_20_g0_imec6\spikesort_2023_10_12_12_22_47_ks2jrc\A324_2023_07_20_g0_tcat.imec6.ap_not_curated.Cells.mat,12-Oct-2023 14:36:25,4
A324_2023_07_21_0,21-Jul-2023,A324,922604,19108313611,11,152,-2,5,6.8,5,0,1,right,"S1,TS",706,0.18287037037037,84.1359773371105,1.50099999999995,0.211994000000232,0.993502999999691,NaN,0,NaN,"stimuli were generated from one of 54 seeds (six gammas, nine seed per gamma), good performance, all eight probes recorded",X:\RATTER\PhysData\NP_sorted\UberPhys\A324\A324_2023_07_21_g0\A324_2023_07_21_g0_imec0\spikesort_2023_10_12_12_22_47_ks2jrc\A324_2023_07_21_g0_tcat.imec0.ap_not_curated.Cells.mat,12-Oct-2023 13:21:33,4
A324_2023_07_21_1,21-Jul-2023,A324,922604,19108311732,11,416,-2,5,7.6,5,0,1,left,"GP,TS",706,0.18287037037037,84.1359773371105,1.50099999999995,0.211994000000232,0.993502999999691,NaN,0,NaN,"stimuli were generated from one of 54 seeds (six gammas, nine seed per gamma), good performance, all eight probes recorded",X:\RATTER\PhysData\NP_sorted\UberPhys\A324\A324_2023_07_21_g0\A324_2023_07_21_g0_imec1\spikesort_2023_10_12_12_22_47_ks2jrc\A324_2023_07_21_g0_tcat.imec1.ap_not_curated.Cells.mat,12-Oct-2023 14:13:55,4
A324_2023_07_21_3,21-Jul-2023,A324,922604,19108313171,11,442,1.9,3,7.6,-10,0,1,left,"ADS,CC,M1,NAc",706,0.18287037037037,84.1359773371105,1.50099999999995,0.211994000000232,0.993502999999691,NaN,0,NaN,"stimuli were generated from one of 54 seeds (six gammas, nine seed per gamma), good performance, all eight probes recorded",X:\RATTER\PhysData\NP_sorted\UberPhys\A324\A324_2023_07_21_g0\A324_2023_07_21_g0_imec3\spikesort_2023_10_12_12_22_47_ks2jrc\A324_2023_07_21_g0_tcat.imec3.ap_not_curated.Cells.mat,12-Oct-2023 13:57:47,1
A324_2023_07_21_7,21-Jul-2023,A324,922604,19108318122,11,366,1.9,3,7.6,-10,0,1,right,"ADS,CC,M1,NAc",706,0.18287037037037,84.1359773371105,1.50099999999995,0.211994000000232,0.993502999999691,NaN,0,NaN,"stimuli were generated from one of 54 seeds (six gammas, nine seed per gamma), good performance, all eight probes recorded",X:\RATTER\PhysData\NP_sorted\UberPhys\A324\A324_2023_07_21_g0\A324_2023_07_21_g0_imec7\spikesort_2023_10_12_12_22_47_ks2jrc\A324_2023_07_21_g0_tcat.imec7.ap_not_curated.Cells.mat,12-Oct-2023 13:55:50,1
A324_2023_07_23_3,23-Jul-2023,A324,922817,19108311732,13,353,-2,5,7.6,5,0,1,left,"GP,TS",710,0.176334106728538,86.7605633802817,1.50099999999995,0.201014999999643,1,NaN,0,NaN,"good performance, all eight probes recorded",X:\RATTER\PhysData\NP_sorted\UberPhys\A324\A324_2023_07_23_g0\A324_2023_07_23_g0_imec3\spikesort_2023_10_12_12_22_47_ks2jrc\A324_2023_07_23_g0_tcat.imec3.ap_not_curated.Cells.mat,12-Oct-2023 13:57:12,4
A324_2023_07_23_4,23-Jul-2023,A324,922817,19108313171,13,275,1.9,3,7.6,-10,0,1,left,"ADS,NAc",710,0.176334106728538,86.7605633802817,1.50099999999995,0.201014999999643,1,NaN,0,NaN,"good performance, all eight probes recorded",X:\RATTER\PhysData\NP_sorted\UberPhys\A324\A324_2023_07_23_g0\A324_2023_07_23_g0_imec4\spikesort_2023_10_12_12_22_46_ks2jrc\A324_2023_07_23_g0_tcat.imec4.ap_not_curated.Cells.mat,12-Oct-2023 13:32:53,1
A324_2023_07_23_5,23-Jul-2023,A324,922817,19108313611,13,185,-2,5,6.8,5,0,1,right,"S1,TS",710,0.176334106728538,86.7605633802817,1.50099999999995,0.201014999999643,1,NaN,0,NaN,"good performance, all eight probes recorded",X:\RATTER\PhysData\NP_sorted\UberPhys\A324\A324_2023_07_23_g0\A324_2023_07_23_g0_imec5\spikesort_2023_10_12_12_22_46_ks2jrc\A324_2023_07_23_g0_tcat.imec5.ap_not_curated.Cells.mat,12-Oct-2023 13:19:34,4
A324_2023_07_23_6,23-Jul-2023,A324,922817,19108318122,13,357,1.9,3,7.6,-10,0,1,right,"ADS,CC,M1,NAc",710,0.176334106728538,86.7605633802817,1.50099999999995,0.201014999999643,1,NaN,0,NaN,"good performance, all eight probes recorded",X:\RATTER\PhysData\NP_sorted\UberPhys\A324\A324_2023_07_23_g0\A324_2023_07_23_g0_imec6\spikesort_2023_10_12_12_22_46_ks2jrc\A324_2023_07_23_g0_tcat.imec6.ap_not_curated.Cells.mat,12-Oct-2023 13:47:29,1
A324_2023_07_25_3,25-Jul-2023,A324,923071,19108318122,15,359,1.9,3,7.6,-10,0,1,right,"ADS,CC,M1,NAc",798,0.167883211678832,87.468671679198,1.50099999999995,0.211992000000464,0.99350400000003,NaN,0,NaN,"stimuli were generated from one of 54 seeds (six gammas, nine seed per gamma), good performance, all eight probes recorded",X:\RATTER\PhysData\NP_sorted\UberPhys\A324\A324_2023_07_25_g0\A324_2023_07_25_g0_imec3\spikesort_2023_10_13_11_18_47_ks2jrc\A324_2023_07_25_g0_t0.imec3.ap_not_curated.Cells.mat,13-Oct-2023 12:48:04,1
A324_2023_07_25_5,25-Jul-2023,A324,923071,19108313171,15,285,1.9,3,7.6,-10,0,1,left,"ADS,NAc",798,0.167883211678832,87.468671679198,1.50099999999995,0.211992000000464,0.99350400000003,NaN,0,NaN,"stimuli were generated from one of 54 seeds (six gammas, nine seed per gamma), good performance, all eight probes recorded",X:\RATTER\PhysData\NP_sorted\UberPhys\A324\A324_2023_07_25_g0\A324_2023_07_25_g0_imec5\spikesort_2023_10_13_11_18_47_ks2jrc\A324_2023_07_25_g0_t0.imec5.ap_not_curated.Cells.mat,13-Oct-2023 12:38:22,1
A324_2023_07_25_6,25-Jul-2023,A324,923071,19108313611,15,165,-2,5,6.8,5,0,1,right,"S1,TS",798,0.167883211678832,87.468671679198,1.50099999999995,0.211992000000464,0.99350400000003,NaN,0,NaN,"stimuli were generated from one of 54 seeds (six gammas, nine seed per gamma), good performance, all eight probes recorded",X:\RATTER\PhysData\NP_sorted\UberPhys\A324\A324_2023_07_25_g0\A324_2023_07_25_g0_imec6\spikesort_2023_10_13_11_18_48_ks2jrc\A324_2023_07_25_g0_t0.imec6.ap_not_curated.Cells.mat,13-Oct-2023 12:27:57,4
A324_2023_07_25_7,25-Jul-2023,A324,923071,19108311732,15,216,-2,5,7.6,5,0,1,left,"GP,TS",798,0.167883211678832,87.468671679198,1.50099999999995,0.211992000000464,0.99350400000003,NaN,0,NaN,"stimuli were generated from one of 54 seeds (six gammas, nine seed per gamma), good performance, all eight probes recorded",X:\RATTER\PhysData\NP_sorted\UberPhys\A324\A324_2023_07_25_g0\A324_2023_07_25_g0_imec7\spikesort_2023_10_13_11_18_47_ks2jrc\A324_2023_07_25_g0_t0.imec7.ap_not_curated.Cells.mat,13-Oct-2023 12:57:43,4
A327_2023_08_29_0,29-Aug-2023,A327,926814,19076610451,21,407,-2,5,7.56,5,0,1,left,"TS",369,0.280701754385965,84.8238482384824,1.50099999999995,0.200994999999921,0.996006000000079,NaN,0,NaN,"first day of recording during behavior, now that animal's health condition has stabilized (21 days after surgery). All eight probes healthy, ~400 non-violation trials completed. Gammas were 3.5, 2.5, and 0.5. imec6 cut out after 5255.4 s. imec3 cut out after 7333 s. used charuco.",X:\RATTER\PhysData\NP_sorted\UberPhys\A327\A327_2023_08_29_g0\A327_2023_08_29_g0_imec0\spikesort_2023_10_13_11_18_48_ks2jrc\A327_2023_08_29_g0_t0.imec0.ap_not_curated.Cells.mat,13-Oct-2023 12:22:09,4
A327_2023_08_29_2,29-Aug-2023,A327,926814,19076606842,21,903,1.9,3,7.9,-10,0,1,left,"ADS,M1,NAc",369,0.280701754385965,84.8238482384824,1.50099999999995,0.200994999999921,0.996006000000079,NaN,0,NaN,"first day of recording during behavior, now that animal's health condition has stabilized (21 days after surgery). All eight probes healthy, ~400 non-violation trials completed. Gammas were 3.5, 2.5, and 0.5. imec6 cut out after 5255.4 s. imec3 cut out after 7333 s. used charuco.",X:\RATTER\PhysData\NP_sorted\UberPhys\A327\A327_2023_08_29_g0\A327_2023_08_29_g0_imec2\spikesort_2023_10_13_11_18_48_ks2jrc\A327_2023_08_29_g0_t0.imec2.ap_not_curated.Cells.mat,13-Oct-2023 12:47:58,1
A327_2023_08_29_4,29-Aug-2023,A327,926814,19076604731,21,510,-2.1,5,7.7,5,0,1,right,"TS",369,0.280701754385965,84.8238482384824,1.50099999999995,0.200994999999921,0.996006000000079,NaN,0,NaN,"first day of recording during behavior, now that animal's health condition has stabilized (21 days after surgery). All eight probes healthy, ~400 non-violation trials completed. Gammas were 3.5, 2.5, and 0.5. imec6 cut out after 5255.4 s. imec3 cut out after 7333 s. used charuco.",X:\RATTER\PhysData\NP_sorted\UberPhys\A327\A327_2023_08_29_g0\A327_2023_08_29_g0_imec4\spikesort_2023_10_13_11_18_48_ks2jrc\A327_2023_08_29_g0_t0.imec4.ap_not_curated.Cells.mat,13-Oct-2023 12:33:52,4
A327_2023_08_29_5,29-Aug-2023,A327,926814,19051016061,21,515,1.9,3,7.6,-10,0,1,right,"ADS,M1,NAc",369,0.280701754385965,84.8238482384824,1.50099999999995,0.200994999999921,0.996006000000079,NaN,0,NaN,"first day of recording during behavior, now that animal's health condition has stabilized (21 days after surgery). All eight probes healthy, ~400 non-violation trials completed. Gammas were 3.5, 2.5, and 0.5. imec6 cut out after 5255.4 s. imec3 cut out after 7333 s. used charuco.",X:\RATTER\PhysData\NP_sorted\UberPhys\A327\A327_2023_08_29_g0\A327_2023_08_29_g0_imec5\spikesort_2023_10_13_11_18_48_ks2jrc\A327_2023_08_29_g0_t0.imec5.ap_not_curated.Cells.mat,13-Oct-2023 12:22:25,1
A327_2023_09_01_0,01-Sep-2023,A327,927222,19076610451,24,450,-2,5,7.56,5,0,1,left,"TS",445,0.39124487004104,85.6179775280899,1.50099999999995,0.211999000000105,0.993506000000025,NaN,0,NaN,"Frozen noise. The duration of opening time of the left solenoid is multiplied by 1.4 to counteract a rightward bias. All probes recorded.best session yet. No probes cut out. Performance was relatively good, effectively no lapse rate. Used charuco. Left MGB recording (imec5) crash kilosort because of so few units.",X:\RATTER\PhysData\NP_sorted\UberPhys\A327\A327_2023_09_01_g0\A327_2023_09_01_g0_imec0\spikesort_2023_10_13_17_13_21_ks2jrc\A327_2023_09_01_g0_t0.imec0.ap_not_curated.Cells.mat,13-Oct-2023 19:03:22,4
A327_2023_09_01_2,01-Sep-2023,A327,927222,19076604731,24,804,-2.1,5,7.7,5,0,1,right,"TS",445,0.39124487004104,85.6179775280899,1.50099999999995,0.211999000000105,0.993506000000025,NaN,0,NaN,"Frozen noise. The duration of opening time of the left solenoid is multiplied by 1.4 to counteract a rightward bias. All probes recorded.best session yet. No probes cut out. Performance was relatively good, effectively no lapse rate. Used charuco. Left MGB recording (imec5) crash kilosort because of so few units.",X:\RATTER\PhysData\NP_sorted\UberPhys\A327\A327_2023_09_01_g0\A327_2023_09_01_g0_imec2\spikesort_2023_10_13_17_13_21_ks2jrc\A327_2023_09_01_g0_t0.imec2.ap_not_curated.Cells.mat,13-Oct-2023 19:24:58,4
A327_2023_09_01_4,01-Sep-2023,A327,927222,19076606842,24,737,1.9,3,7.9,-10,0,1,left,"ADS,M1,NAc",445,0.39124487004104,85.6179775280899,1.50099999999995,0.211999000000105,0.993506000000025,NaN,0,NaN,"Frozen noise. The duration of opening time of the left solenoid is multiplied by 1.4 to counteract a rightward bias. All probes recorded.best session yet. No probes cut out. Performance was relatively good, effectively no lapse rate. Used charuco. Left MGB recording (imec5) crash kilosort because of so few units.",X:\RATTER\PhysData\NP_sorted\UberPhys\A327\A327_2023_09_01_g0\A327_2023_09_01_g0_imec4\spikesort_2023_10_13_17_13_21_ks2jrc\A327_2023_09_01_g0_t0.imec4.ap_not_curated.Cells.mat,13-Oct-2023 19:33:33,1
A327_2023_09_01_6,01-Sep-2023,A327,927222,19051016061,24,536,1.9,3,7.6,-10,0,1,right,"ADS,M1,NAc",445,0.39124487004104,85.6179775280899,1.50099999999995,0.211999000000105,0.993506000000025,NaN,0,NaN,"Frozen noise. The duration of opening time of the left solenoid is multiplied by 1.4 to counteract a rightward bias. All probes recorded.best session yet. No probes cut out. Performance was relatively good, effectively no lapse rate. Used charuco. Left MGB recording (imec5) crash kilosort because of so few units.",X:\RATTER\PhysData\NP_sorted\UberPhys\A327\A327_2023_09_01_g0\A327_2023_09_01_g0_imec6\spikesort_2023_10_13_17_13_21_ks2jrc\A327_2023_09_01_g0_t0.imec6.ap_not_curated.Cells.mat,13-Oct-2023 19:02:58,1
A327_2023_09_03_0,03-Sep-2023,A327,927450,19076604731,26,676,-2.1,5,7.7,5,0,1,right,"TS",479,0.261941448382126,85.1774530271399,1.50099999999995,0.208505000000059,0.995999999999185,NaN,0,NaN,"All probes recorded. |gamma| = {3.5, 2.5, 0.6, 0.5}. Minimal bias and lapse",X:\RATTER\PhysData\NP_sorted\UberPhys\A327\A327_2023_09_03_g0\A327_2023_09_03_g0_imec0\spikesort_2023_10_13_17_13_31_ks2jrc\A327_2023_09_03_g0_t0.imec0.ap_not_curated.Cells.mat,13-Oct-2023 18:49:56,4
A327_2023_09_03_1,03-Sep-2023,A327,927450,19076606842,26,772,1.9,3,7.9,-10,0,1,left,"ADS,M1,NAc",479,0.261941448382126,85.1774530271399,1.50099999999995,0.208505000000059,0.995999999999185,NaN,0,NaN,"All probes recorded. |gamma| = {3.5, 2.5, 0.6, 0.5}. Minimal bias and lapse",X:\RATTER\PhysData\NP_sorted\UberPhys\A327\A327_2023_09_03_g0\A327_2023_09_03_g0_imec1\spikesort_2023_10_13_17_13_31_ks2jrc\A327_2023_09_03_g0_t0.imec1.ap_not_curated.Cells.mat,13-Oct-2023 19:00:27,1
A327_2023_09_03_6,03-Sep-2023,A327,927450,19051016061,26,521,1.9,3,7.6,-10,0,1,right,"ADS,M1,NAc",479,0.261941448382126,85.1774530271399,1.50099999999995,0.208505000000059,0.995999999999185,NaN,0,NaN,"All probes recorded. |gamma| = {3.5, 2.5, 0.6, 0.5}. Minimal bias and lapse",X:\RATTER\PhysData\NP_sorted\UberPhys\A327\A327_2023_09_03_g0\A327_2023_09_03_g0_imec6\spikesort_2023_10_13_17_13_31_ks2jrc\A327_2023_09_03_g0_t0.imec6.ap_not_curated.Cells.mat,13-Oct-2023 18:48:40,1
A327_2023_09_03_7,03-Sep-2023,A327,927450,19076610451,26,441,-2,5,7.56,5,0,1,left,"TS",479,0.261941448382126,85.1774530271399,1.50099999999995,0.208505000000059,0.995999999999185,NaN,0,NaN,"All probes recorded. |gamma| = {3.5, 2.5, 0.6, 0.5}. Minimal bias and lapse",X:\RATTER\PhysData\NP_sorted\UberPhys\A327\A327_2023_09_03_g0\A327_2023_09_03_g0_imec7\spikesort_2023_10_13_17_13_31_ks2jrc\A327_2023_09_03_g0_t0.imec7.ap_not_curated.Cells.mat,13-Oct-2023 18:40:36,4
